"tender_id","title","description","org_chain","publish_date","closing_date","value","status"
"TEND-1000","Tender for Supply of Goods 0","Detailed description for tender 0 with some random text.","Central Govt > Ministry of Commerce > Department of Trade","2026-04-10","2026-05-13","4066116","Open"
"TEND-1001","Tender for Supply of Goods 1","Detailed description for tender 1 with some random text.","Central Govt > Ministry of Commerce > Department of Trade","2026-04-16","2026-05-13","4768494","Awarded"
"TEND-1002","Tender for Supply of Goods 2","Detailed description for tender 2 with some random text.","Central Govt > Ministry of Commerce > Department of Trade","2026-04-06","2026-05-15","3967549","Closed"
"TEND-1003","Tender for Supply of Goods 3","Detailed description for tender 3 with some random text.","Central Govt > Ministry of Commerce > Department of Trade","2026-04-29","2026-05-20","6696811","Closed"
"TEND-1004","Tender for Supply of Goods 4","Detailed description for tender 4 with some random text.","Central Govt > Ministry of Commerce > Department of Trade","2026-04-07","2026-05-21","6255918","Awarded"
"TEND-1005","Tender for Supply of Goods 5","Detailed description for tender 5 with some random text.","Central Govt > Ministry of Commerce > Department of Trade","2026-04-25","2026-05-09","8014422","Open"
"TEND-1006","Tender for Supply of Goods 6","Detailed description for tender 6 with some random text.","Central Govt > Ministry of Commerce > Department of Trade","2026-04-30","2026-05-13","6897072","Closed"
"TEND-1007","Tender for Supply of Goods 7","Detailed description for tender 7 with some random text.","Central Govt > Ministry of Commerce > Department of Trade","2026-04-08","2026-05-19","2353157","Open"
"TEND-1008","Tender for Supply of Goods 8","Detailed description for tender 8 with some random text.","Central Govt > Ministry of Commerce > Department of Trade","2026-04-14","2026-05-17","7332989","Open"
"TEND-1009","Tender for Supply of Goods 9","Detailed description for tender 9 with some random text.","Central Govt > Ministry of Commerce > Department of Trade","2026-04-19","2026-05-11","294058","Awarded"
"TEND-1010","Tender for Supply of Goods 10","Detailed description for tender 10 with some random text.","Central Govt > Ministry of Commerce > Department of Trade","2026-04-26","2026-05-11","9220299","Awarded"
"TEND-1011","Tender for Supply of Goods 11","Detailed description for tender 11 with some random text.","Central Govt > Ministry of Commerce > Department of Trade","2026-04-10","2026-05-08","6054742","Awarded"
"TEND-1012","Tender for Supply of Goods 12","Detailed description for tender 12 with some random text.","Central Govt > Ministry of Commerce > Department of Trade","2026-04-13","2026-05-13","397137","Awarded"
"TEND-1013","Tender for Supply of Goods 13","Detailed description for tender 13 with some random text.","Central Govt > Ministry of Commerce > Department of Trade","2026-05-03","2026-05-07","735688","Open"
"TEND-1014","Tender for Supply of Goods 14","Detailed description for tender 14 with some random text.","Central Govt > Ministry of Commerce > Department of Trade","2026-04-19","2026-05-12","9804750","Awarded"
"TEND-1015","Tender for Supply of Goods 15","Detailed description for tender 15 with some random text.","Central Govt > Ministry of Commerce > Department of Trade","2026-05-02","2026-05-09","5268443","Open"
"TEND-1016","Tender for Supply of Goods 16","Detailed description for tender 16 with some random text.","Central Govt > Ministry of Commerce > Department of Trade","2026-04-10","2026-05-21","4165188","Open"
"TEND-1017","Tender for Supply of Goods 17","Detailed description for tender 17 with some random text.","Central Govt > Ministry of Commerce > Department of Trade","2026-04-08","2026-05-20","9206090","Closed"
"TEND-1018","Tender for Supply of Goods 18","Detailed description for tender 18 with some random text.","Central Govt > Ministry of Commerce > Department of Trade","2026-04-26","2026-05-09","1597404","Awarded"
"TEND-1019","Tender for Supply of Goods 19","Detailed description for tender 19 with some random text.","Central Govt > Ministry of Commerce > Department of Trade","2026-04-09","2026-05-13","4372995","Open"
"TEND-1020","Tender for Supply of Goods 20","Detailed description for tender 20 with some random text.","Central Govt > Ministry of Commerce > Department of Trade","2026-05-03","2026-05-21","8713605","Awarded"
"TEND-1021","Tender for Supply of Goods 21","Detailed description for tender 21 with some random text.","Central Govt > Ministry of Commerce > Department of Trade","2026-04-19","2026-05-13","1020202","Open"
"TEND-1022","Tender for Supply of Goods 22","Detailed description for tender 22 with some random text.","Central Govt > Ministry of Commerce > Department of Trade","2026-04-27","2026-05-13","4423394","Closed"
"TEND-1023","Tender for Supply of Goods 23","Detailed description for tender 23 with some random text.","Central Govt > Ministry of Commerce > Department of Trade","2026-04-08","2026-05-10","2639775","Awarded"
"TEND-1024","Tender for Supply of Goods 24","Detailed description for tender 24 with some random text.","Central Govt > Ministry of Commerce > Department of Trade","2026-05-05","2026-05-08","8013623","Awarded"
"TEND-1025","Tender for Supply of Goods 25","Detailed description for tender 25 with some random text.","Central Govt > Ministry of Commerce > Department of Trade","2026-04-19","2026-05-19","2579115","Closed"
"TEND-1026","Tender for Supply of Goods 26","Detailed description for tender 26 with some random text.","Central Govt > Ministry of Commerce > Department of Trade","2026-04-12","2026-05-16","6811651","Closed"
"TEND-1027","Tender for Supply of Goods 27","Detailed description for tender 27 with some random text.","Central Govt > Ministry of Commerce > Department of Trade","2026-05-05","2026-05-15","3319236","Closed"
"TEND-1028","Tender for Supply of Goods 28","Detailed description for tender 28 with some random text.","Central Govt > Ministry of Commerce > Department of Trade","2026-05-03","2026-05-12","1486956","Awarded"
"TEND-1029","Tender for Supply of Goods 29","Detailed description for tender 29 with some random text.","Central Govt > Ministry of Commerce > Department of Trade","2026-04-20","2026-05-09","9158215","Awarded"
"TEND-1030","Tender for Supply of Goods 30","Detailed description for tender 30 with some random text.","Central Govt > Ministry of Commerce > Department of Trade","2026-04-18","2026-05-13","446887","Open"
"TEND-1031","Tender for Supply of Goods 31","Detailed description for tender 31 with some random text.","Central Govt > Ministry of Commerce > Department of Trade","2026-04-15","2026-05-12","2945204","Awarded"
"TEND-1032","Tender for Supply of Goods 32","Detailed description for tender 32 with some random text.","Central Govt > Ministry of Commerce > Department of Trade","2026-04-06","2026-05-18","5438722","Closed"
"TEND-1033","Tender for Supply of Goods 33","Detailed description for tender 33 with some random text.","Central Govt > Ministry of Commerce > Department of Trade","2026-04-21","2026-05-11","8228565","Open"
"TEND-1034","Tender for Supply of Goods 34","Detailed description for tender 34 with some random text.","Central Govt > Ministry of Commerce > Department of Trade","2026-04-22","2026-05-15","4292839","Open"
"TEND-1035","Tender for Supply of Goods 35","Detailed description for tender 35 with some random text.","Central Govt > Ministry of Commerce > Department of Trade","2026-04-10","2026-05-09","5872545","Closed"
"TEND-1036","Tender for Supply of Goods 36","Detailed description for tender 36 with some random text.","Central Govt > Ministry of Commerce > Department of Trade","2026-04-08","2026-05-12","145575","Awarded"
"TEND-1037","Tender for Supply of Goods 37","Detailed description for tender 37 with some random text.","Central Govt > Ministry of Commerce > Department of Trade","2026-04-23","2026-05-21","6545533","Open"
"TEND-1038","Tender for Supply of Goods 38","Detailed description for tender 38 with some random text.","Central Govt > Ministry of Commerce > Department of Trade","2026-04-07","2026-05-07","2170452","Awarded"
"TEND-1039","Tender for Supply of Goods 39","Detailed description for tender 39 with some random text.","Central Govt > Ministry of Commerce > Department of Trade","2026-04-07","2026-05-13","5090951","Closed"
"TEND-1040","Tender for Supply of Goods 40","Detailed description for tender 40 with some random text.","Central Govt > Ministry of Commerce > Department of Trade","2026-04-06","2026-05-16","9896537","Open"
"TEND-1041","Tender for Supply of Goods 41","Detailed description for tender 41 with some random text.","Central Govt > Ministry of Commerce > Department of Trade","2026-04-18","2026-05-17","7320868","Closed"
"TEND-1042","Tender for Supply of Goods 42","Detailed description for tender 42 with some random text.","Central Govt > Ministry of Commerce > Department of Trade","2026-04-12","2026-05-11","1661015","Closed"
"TEND-1043","Tender for Supply of Goods 43","Detailed description for tender 43 with some random text.","Central Govt > Ministry of Commerce > Department of Trade","2026-04-13","2026-05-19","2611126","Open"
"TEND-1044","Tender for Supply of Goods 44","Detailed description for tender 44 with some random text.","Central Govt > Ministry of Commerce > Department of Trade","2026-05-03","2026-05-18","6154679","Awarded"
"TEND-1045","Tender for Supply of Goods 45","Detailed description for tender 45 with some random text.","Central Govt > Ministry of Commerce > Department of Trade","2026-04-25","2026-05-14","6043919","Awarded"
"TEND-1046","Tender for Supply of Goods 46","Detailed description for tender 46 with some random text.","Central Govt > Ministry of Commerce > Department of Trade","2026-04-06","2026-05-08","2572815","Open"
"TEND-1047","Tender for Supply of Goods 47","Detailed description for tender 47 with some random text.","Central Govt > Ministry of Commerce > Department of Trade","2026-04-15","2026-05-07","326659","Closed"
"TEND-1048","Tender for Supply of Goods 48","Detailed description for tender 48 with some random text.","Central Govt > Ministry of Commerce > Department of Trade","2026-04-18","2026-05-18","1064974","Awarded"
"TEND-1049","Tender for Supply of Goods 49","Detailed description for tender 49 with some random text.","Central Govt > Ministry of Commerce > Department of Trade","2026-05-05","2026-05-18","5213247","Awarded"
"TEND-1050","Tender for Supply of Goods 50","Detailed description for tender 50 with some random text.","Central Govt > Ministry of Commerce > Department of Trade","2026-04-13","2026-05-16","5796010","Awarded"
"TEND-1051","Tender for Supply of Goods 51","Detailed description for tender 51 with some random text.","Central Govt > Ministry of Commerce > Department of Trade","2026-04-06","2026-05-18","2178512","Open"
"TEND-1052","Tender for Supply of Goods 52","Detailed description for tender 52 with some random text.","Central Govt > Ministry of Commerce > Department of Trade","2026-05-02","2026-05-09","7092652","Closed"
"TEND-1053","Tender for Supply of Goods 53","Detailed description for tender 53 with some random text.","Central Govt > Ministry of Commerce > Department of Trade","2026-04-12","2026-05-21","5068277","Open"
"TEND-1054","Tender for Supply of Goods 54","Detailed description for tender 54 with some random text.","Central Govt > Ministry of Commerce > Department of Trade","2026-04-27","2026-05-20","8012870","Awarded"
"TEND-1055","Tender for Supply of Goods 55","Detailed description for tender 55 with some random text.","Central Govt > Ministry of Commerce > Department of Trade","2026-04-22","2026-05-07","6514231","Closed"
"TEND-1056","Tender for Supply of Goods 56","Detailed description for tender 56 with some random text.","Central Govt > Ministry of Commerce > Department of Trade","2026-04-23","2026-05-15","822932","Open"
"TEND-1057","Tender for Supply of Goods 57","Detailed description for tender 57 with some random text.","Central Govt > Ministry of Commerce > Department of Trade","2026-04-14","2026-05-08","9813345","Closed"
"TEND-1058","Tender for Supply of Goods 58","Detailed description for tender 58 with some random text.","Central Govt > Ministry of Commerce > Department of Trade","2026-04-30","2026-05-19","8293795","Closed"
"TEND-1059","Tender for Supply of Goods 59","Detailed description for tender 59 with some random text.","Central Govt > Ministry of Commerce > Department of Trade","2026-04-19","2026-05-12","3119044","Closed"
"TEND-1060","Tender for Supply of Goods 60","Detailed description for tender 60 with some random text.","Central Govt > Ministry of Commerce > Department of Trade","2026-04-15","2026-05-08","1132642","Awarded"
"TEND-1061","Tender for Supply of Goods 61","Detailed description for tender 61 with some random text.","Central Govt > Ministry of Commerce > Department of Trade","2026-04-09","2026-05-09","1054774","Awarded"
"TEND-1062","Tender for Supply of Goods 62","Detailed description for tender 62 with some random text.","Central Govt > Ministry of Commerce > Department of Trade","2026-04-14","2026-05-07","9063330","Open"
"TEND-1063","Tender for Supply of Goods 63","Detailed description for tender 63 with some random text.","Central Govt > Ministry of Commerce > Department of Trade","2026-04-08","2026-05-07","4657732","Awarded"
"TEND-1064","Tender for Supply of Goods 64","Detailed description for tender 64 with some random text.","Central Govt > Ministry of Commerce > Department of Trade","2026-04-21","2026-05-13","1145976","Open"
"TEND-1065","Tender for Supply of Goods 65","Detailed description for tender 65 with some random text.","Central Govt > Ministry of Commerce > Department of Trade","2026-05-04","2026-05-08","2511014","Open"
"TEND-1066","Tender for Supply of Goods 66","Detailed description for tender 66 with some random text.","Central Govt > Ministry of Commerce > Department of Trade","2026-04-21","2026-05-08","2068620","Closed"
"TEND-1067","Tender for Supply of Goods 67","Detailed description for tender 67 with some random text.","Central Govt > Ministry of Commerce > Department of Trade","2026-04-30","2026-05-19","8310683","Awarded"
"TEND-1068","Tender for Supply of Goods 68","Detailed description for tender 68 with some random text.","Central Govt > Ministry of Commerce > Department of Trade","2026-04-29","2026-05-19","2532907","Open"
"TEND-1069","Tender for Supply of Goods 69","Detailed description for tender 69 with some random text.","Central Govt > Ministry of Commerce > Department of Trade","2026-04-13","2026-05-12","3545605","Awarded"
"TEND-1070","Tender for Supply of Goods 70","Detailed description for tender 70 with some random text.","Central Govt > Ministry of Commerce > Department of Trade","2026-04-17","2026-05-16","9536468","Open"
"TEND-1071","Tender for Supply of Goods 71","Detailed description for tender 71 with some random text.","Central Govt > Ministry of Commerce > Department of Trade","2026-04-09","2026-05-09","8968968","Open"
"TEND-1072","Tender for Supply of Goods 72","Detailed description for tender 72 with some random text.","Central Govt > Ministry of Commerce > Department of Trade","2026-04-09","2026-05-18","3858840","Open"
"TEND-1073","Tender for Supply of Goods 73","Detailed description for tender 73 with some random text.","Central Govt > Ministry of Commerce > Department of Trade","2026-04-27","2026-05-14","9047845","Closed"
"TEND-1074","Tender for Supply of Goods 74","Detailed description for tender 74 with some random text.","Central Govt > Ministry of Commerce > Department of Trade","2026-04-13","2026-05-10","3633243","Closed"
"TEND-1075","Tender for Supply of Goods 75","Detailed description for tender 75 with some random text.","Central Govt > Ministry of Commerce > Department of Trade","2026-04-19","2026-05-09","2317217","Awarded"
"TEND-1076","Tender for Supply of Goods 76","Detailed description for tender 76 with some random text.","Central Govt > Ministry of Commerce > Department of Trade","2026-04-24","2026-05-21","1902804","Open"
"TEND-1077","Tender for Supply of Goods 77","Detailed description for tender 77 with some random text.","Central Govt > Ministry of Commerce > Department of Trade","2026-05-03","2026-05-09","1100819","Open"
"TEND-1078","Tender for Supply of Goods 78","Detailed description for tender 78 with some random text.","Central Govt > Ministry of Commerce > Department of Trade","2026-05-02","2026-05-12","4287085","Open"
"TEND-1079","Tender for Supply of Goods 79","Detailed description for tender 79 with some random text.","Central Govt > Ministry of Commerce > Department of Trade","2026-04-23","2026-05-07","9742002","Closed"
"TEND-1080","Tender for Supply of Goods 80","Detailed description for tender 80 with some random text.","Central Govt > Ministry of Commerce > Department of Trade","2026-04-16","2026-05-12","7062851","Closed"
"TEND-1081","Tender for Supply of Goods 81","Detailed description for tender 81 with some random text.","Central Govt > Ministry of Commerce > Department of Trade","2026-04-22","2026-05-15","6577837","Open"
"TEND-1082","Tender for Supply of Goods 82","Detailed description for tender 82 with some random text.","Central Govt > Ministry of Commerce > Department of Trade","2026-04-16","2026-05-21","5283364","Open"
"TEND-1083","Tender for Supply of Goods 83","Detailed description for tender 83 with some random text.","Central Govt > Ministry of Commerce > Department of Trade","2026-04-26","2026-05-10","6816952","Awarded"
"TEND-1084","Tender for Supply of Goods 84","Detailed description for tender 84 with some random text.","Central Govt > Ministry of Commerce > Department of Trade","2026-04-19","2026-05-19","1865042","Awarded"
"TEND-1085","Tender for Supply of Goods 85","Detailed description for tender 85 with some random text.","Central Govt > Ministry of Commerce > Department of Trade","2026-04-25","2026-05-09","6723427","Open"
"TEND-1086","Tender for Supply of Goods 86","Detailed description for tender 86 with some random text.","Central Govt > Ministry of Commerce > Department of Trade","2026-04-08","2026-05-16","7034473","Open"
"TEND-1087","Tender for Supply of Goods 87","Detailed description for tender 87 with some random text.","Central Govt > Ministry of Commerce > Department of Trade","2026-05-01","2026-05-09","3375714","Awarded"
"TEND-1088","Tender for Supply of Goods 88","Detailed description for tender 88 with some random text.","Central Govt > Ministry of Commerce > Department of Trade","2026-05-02","2026-05-08","9245857","Awarded"
"TEND-1089","Tender for Supply of Goods 89","Detailed description for tender 89 with some random text.","Central Govt > Ministry of Commerce > Department of Trade","2026-04-27","2026-05-16","3285701","Awarded"
"TEND-1090","Tender for Supply of Goods 90","Detailed description for tender 90 with some random text.","Central Govt > Ministry of Commerce > Department of Trade","2026-04-10","2026-05-20","2929880","Open"
"TEND-1091","Tender for Supply of Goods 91","Detailed description for tender 91 with some random text.","Central Govt > Ministry of Commerce > Department of Trade","2026-05-01","2026-05-13","7243838","Closed"
"TEND-1092","Tender for Supply of Goods 92","Detailed description for tender 92 with some random text.","Central Govt > Ministry of Commerce > Department of Trade","2026-04-10","2026-05-13","9203016","Open"
"TEND-1093","Tender for Supply of Goods 93","Detailed description for tender 93 with some random text.","Central Govt > Ministry of Commerce > Department of Trade","2026-04-21","2026-05-16","2835353","Closed"
"TEND-1094","Tender for Supply of Goods 94","Detailed description for tender 94 with some random text.","Central Govt > Ministry of Commerce > Department of Trade","2026-04-21","2026-05-17","4864540","Awarded"
"TEND-1095","Tender for Supply of Goods 95","Detailed description for tender 95 with some random text.","Central Govt > Ministry of Commerce > Department of Trade","2026-04-11","2026-05-21","2766760","Awarded"
"TEND-1096","Tender for Supply of Goods 96","Detailed description for tender 96 with some random text.","Central Govt > Ministry of Commerce > Department of Trade","2026-04-28","2026-05-19","1708409","Open"
"TEND-1097","Tender for Supply of Goods 97","Detailed description for tender 97 with some random text.","Central Govt > Ministry of Commerce > Department of Trade","2026-04-13","2026-05-16","251228","Open"
"TEND-1098","Tender for Supply of Goods 98","Detailed description for tender 98 with some random text.","Central Govt > Ministry of Commerce > Department of Trade","2026-04-25","2026-05-16","2246783","Closed"
"TEND-1099","Tender for Supply of Goods 99","Detailed description for tender 99 with some random text.","Central Govt > Ministry of Commerce > Department of Trade","2026-04-17","2026-05-08","4882149","Awarded"
"TEND-1100","Tender for Supply of Goods 100","Detailed description for tender 100 with some random text.","Central Govt > Ministry of Commerce > Department of Trade","2026-04-23","2026-05-12","4027799","Awarded"
"TEND-1101","Tender for Supply of Goods 101","Detailed description for tender 101 with some random text.","Central Govt > Ministry of Commerce > Department of Trade","2026-04-16","2026-05-16","428562","Awarded"
"TEND-1102","Tender for Supply of Goods 102","Detailed description for tender 102 with some random text.","Central Govt > Ministry of Commerce > Department of Trade","2026-04-23","2026-05-11","6174296","Awarded"
"TEND-1103","Tender for Supply of Goods 103","Detailed description for tender 103 with some random text.","Central Govt > Ministry of Commerce > Department of Trade","2026-04-25","2026-05-11","6680380","Closed"
"TEND-1104","Tender for Supply of Goods 104","Detailed description for tender 104 with some random text.","Central Govt > Ministry of Commerce > Department of Trade","2026-04-19","2026-05-20","4526201","Open"
"TEND-1105","Tender for Supply of Goods 105","Detailed description for tender 105 with some random text.","Central Govt > Ministry of Commerce > Department of Trade","2026-04-28","2026-05-14","4663477","Open"
"TEND-1106","Tender for Supply of Goods 106","Detailed description for tender 106 with some random text.","Central Govt > Ministry of Commerce > Department of Trade","2026-04-16","2026-05-17","8170456","Closed"
"TEND-1107","Tender for Supply of Goods 107","Detailed description for tender 107 with some random text.","Central Govt > Ministry of Commerce > Department of Trade","2026-04-08","2026-05-17","7634262","Closed"
"TEND-1108","Tender for Supply of Goods 108","Detailed description for tender 108 with some random text.","Central Govt > Ministry of Commerce > Department of Trade","2026-04-26","2026-05-11","9092099","Open"
"TEND-1109","Tender for Supply of Goods 109","Detailed description for tender 109 with some random text.","Central Govt > Ministry of Commerce > Department of Trade","2026-04-19","2026-05-14","7688064","Open"
"TEND-1110","Tender for Supply of Goods 110","Detailed description for tender 110 with some random text.","Central Govt > Ministry of Commerce > Department of Trade","2026-04-09","2026-05-21","1084342","Closed"
"TEND-1111","Tender for Supply of Goods 111","Detailed description for tender 111 with some random text.","Central Govt > Ministry of Commerce > Department of Trade","2026-04-26","2026-05-09","5599681","Awarded"
"TEND-1112","Tender for Supply of Goods 112","Detailed description for tender 112 with some random text.","Central Govt > Ministry of Commerce > Department of Trade","2026-04-20","2026-05-17","9990234","Awarded"
"TEND-1113","Tender for Supply of Goods 113","Detailed description for tender 113 with some random text.","Central Govt > Ministry of Commerce > Department of Trade","2026-04-12","2026-05-20","5081924","Open"
"TEND-1114","Tender for Supply of Goods 114","Detailed description for tender 114 with some random text.","Central Govt > Ministry of Commerce > Department of Trade","2026-04-20","2026-05-12","4473242","Awarded"
"TEND-1115","Tender for Supply of Goods 115","Detailed description for tender 115 with some random text.","Central Govt > Ministry of Commerce > Department of Trade","2026-04-10","2026-05-19","8307011","Open"
"TEND-1116","Tender for Supply of Goods 116","Detailed description for tender 116 with some random text.","Central Govt > Ministry of Commerce > Department of Trade","2026-04-11","2026-05-21","4250363","Open"
"TEND-1117","Tender for Supply of Goods 117","Detailed description for tender 117 with some random text.","Central Govt > Ministry of Commerce > Department of Trade","2026-05-04","2026-05-08","6499378","Closed"
"TEND-1118","Tender for Supply of Goods 118","Detailed description for tender 118 with some random text.","Central Govt > Ministry of Commerce > Department of Trade","2026-04-12","2026-05-12","5254143","Closed"
"TEND-1119","Tender for Supply of Goods 119","Detailed description for tender 119 with some random text.","Central Govt > Ministry of Commerce > Department of Trade","2026-04-10","2026-05-08","5557438","Open"
"TEND-1120","Tender for Supply of Goods 120","Detailed description for tender 120 with some random text.","Central Govt > Ministry of Commerce > Department of Trade","2026-04-13","2026-05-08","9733221","Closed"
"TEND-1121","Tender for Supply of Goods 121","Detailed description for tender 121 with some random text.","Central Govt > Ministry of Commerce > Department of Trade","2026-05-05","2026-05-15","2302738","Awarded"
"TEND-1122","Tender for Supply of Goods 122","Detailed description for tender 122 with some random text.","Central Govt > Ministry of Commerce > Department of Trade","2026-04-25","2026-05-09","1347109","Open"
"TEND-1123","Tender for Supply of Goods 123","Detailed description for tender 123 with some random text.","Central Govt > Ministry of Commerce > Department of Trade","2026-05-04","2026-05-09","9341467","Awarded"
"TEND-1124","Tender for Supply of Goods 124","Detailed description for tender 124 with some random text.","Central Govt > Ministry of Commerce > Department of Trade","2026-04-19","2026-05-13","4878005","Awarded"
"TEND-1125","Tender for Supply of Goods 125","Detailed description for tender 125 with some random text.","Central Govt > Ministry of Commerce > Department of Trade","2026-04-12","2026-05-18","125426","Closed"
"TEND-1126","Tender for Supply of Goods 126","Detailed description for tender 126 with some random text.","Central Govt > Ministry of Commerce > Department of Trade","2026-04-20","2026-05-14","3999018","Open"
"TEND-1127","Tender for Supply of Goods 127","Detailed description for tender 127 with some random text.","Central Govt > Ministry of Commerce > Department of Trade","2026-04-07","2026-05-08","6284453","Awarded"
"TEND-1128","Tender for Supply of Goods 128","Detailed description for tender 128 with some random text.","Central Govt > Ministry of Commerce > Department of Trade","2026-04-07","2026-05-14","154721","Closed"
"TEND-1129","Tender for Supply of Goods 129","Detailed description for tender 129 with some random text.","Central Govt > Ministry of Commerce > Department of Trade","2026-04-14","2026-05-17","2396349","Open"
"TEND-1130","Tender for Supply of Goods 130","Detailed description for tender 130 with some random text.","Central Govt > Ministry of Commerce > Department of Trade","2026-04-08","2026-05-09","3231619","Open"
"TEND-1131","Tender for Supply of Goods 131","Detailed description for tender 131 with some random text.","Central Govt > Ministry of Commerce > Department of Trade","2026-04-08","2026-05-08","7121733","Open"
"TEND-1132","Tender for Supply of Goods 132","Detailed description for tender 132 with some random text.","Central Govt > Ministry of Commerce > Department of Trade","2026-04-09","2026-05-17","3901292","Closed"
"TEND-1133","Tender for Supply of Goods 133","Detailed description for tender 133 with some random text.","Central Govt > Ministry of Commerce > Department of Trade","2026-04-27","2026-05-09","6941418","Open"
"TEND-1134","Tender for Supply of Goods 134","Detailed description for tender 134 with some random text.","Central Govt > Ministry of Commerce > Department of Trade","2026-04-21","2026-05-09","9423986","Closed"
"TEND-1135","Tender for Supply of Goods 135","Detailed description for tender 135 with some random text.","Central Govt > Ministry of Commerce > Department of Trade","2026-04-28","2026-05-14","9164205","Open"
"TEND-1136","Tender for Supply of Goods 136","Detailed description for tender 136 with some random text.","Central Govt > Ministry of Commerce > Department of Trade","2026-05-03","2026-05-13","8582917","Closed"
"TEND-1137","Tender for Supply of Goods 137","Detailed description for tender 137 with some random text.","Central Govt > Ministry of Commerce > Department of Trade","2026-04-07","2026-05-13","2280914","Closed"
"TEND-1138","Tender for Supply of Goods 138","Detailed description for tender 138 with some random text.","Central Govt > Ministry of Commerce > Department of Trade","2026-05-02","2026-05-13","6486210","Awarded"
"TEND-1139","Tender for Supply of Goods 139","Detailed description for tender 139 with some random text.","Central Govt > Ministry of Commerce > Department of Trade","2026-04-10","2026-05-19","5455017","Closed"
"TEND-1140","Tender for Supply of Goods 140","Detailed description for tender 140 with some random text.","Central Govt > Ministry of Commerce > Department of Trade","2026-04-30","2026-05-10","4743820","Closed"
"TEND-1141","Tender for Supply of Goods 141","Detailed description for tender 141 with some random text.","Central Govt > Ministry of Commerce > Department of Trade","2026-04-15","2026-05-13","7709213","Closed"
"TEND-1142","Tender for Supply of Goods 142","Detailed description for tender 142 with some random text.","Central Govt > Ministry of Commerce > Department of Trade","2026-04-16","2026-05-14","8513516","Closed"
"TEND-1143","Tender for Supply of Goods 143","Detailed description for tender 143 with some random text.","Central Govt > Ministry of Commerce > Department of Trade","2026-05-02","2026-05-09","4115094","Open"
"TEND-1144","Tender for Supply of Goods 144","Detailed description for tender 144 with some random text.","Central Govt > Ministry of Commerce > Department of Trade","2026-04-28","2026-05-21","6918180","Open"
"TEND-1145","Tender for Supply of Goods 145","Detailed description for tender 145 with some random text.","Central Govt > Ministry of Commerce > Department of Trade","2026-04-16","2026-05-11","412907","Closed"
"TEND-1146","Tender for Supply of Goods 146","Detailed description for tender 146 with some random text.","Central Govt > Ministry of Commerce > Department of Trade","2026-05-05","2026-05-11","3084162","Awarded"
"TEND-1147","Tender for Supply of Goods 147","Detailed description for tender 147 with some random text.","Central Govt > Ministry of Commerce > Department of Trade","2026-04-09","2026-05-09","6195729","Closed"
"TEND-1148","Tender for Supply of Goods 148","Detailed description for tender 148 with some random text.","Central Govt > Ministry of Commerce > Department of Trade","2026-04-24","2026-05-11","2717147","Open"
"TEND-1149","Tender for Supply of Goods 149","Detailed description for tender 149 with some random text.","Central Govt > Ministry of Commerce > Department of Trade","2026-05-05","2026-05-16","1597817","Open"
"TEND-1150","Tender for Supply of Goods 150","Detailed description for tender 150 with some random text.","Central Govt > Ministry of Commerce > Department of Trade","2026-04-17","2026-05-07","7651840","Open"
"TEND-1151","Tender for Supply of Goods 151","Detailed description for tender 151 with some random text.","Central Govt > Ministry of Commerce > Department of Trade","2026-04-26","2026-05-20","2434180","Open"
"TEND-1152","Tender for Supply of Goods 152","Detailed description for tender 152 with some random text.","Central Govt > Ministry of Commerce > Department of Trade","2026-04-28","2026-05-16","6434469","Closed"
"TEND-1153","Tender for Supply of Goods 153","Detailed description for tender 153 with some random text.","Central Govt > Ministry of Commerce > Department of Trade","2026-04-18","2026-05-15","6764138","Open"
"TEND-1154","Tender for Supply of Goods 154","Detailed description for tender 154 with some random text.","Central Govt > Ministry of Commerce > Department of Trade","2026-04-28","2026-05-07","7730715","Awarded"
"TEND-1155","Tender for Supply of Goods 155","Detailed description for tender 155 with some random text.","Central Govt > Ministry of Commerce > Department of Trade","2026-04-20","2026-05-17","5120864","Open"
"TEND-1156","Tender for Supply of Goods 156","Detailed description for tender 156 with some random text.","Central Govt > Ministry of Commerce > Department of Trade","2026-04-25","2026-05-18","6349333","Awarded"
"TEND-1157","Tender for Supply of Goods 157","Detailed description for tender 157 with some random text.","Central Govt > Ministry of Commerce > Department of Trade","2026-05-01","2026-05-21","1865988","Closed"
"TEND-1158","Tender for Supply of Goods 158","Detailed description for tender 158 with some random text.","Central Govt > Ministry of Commerce > Department of Trade","2026-05-04","2026-05-20","9481361","Closed"
"TEND-1159","Tender for Supply of Goods 159","Detailed description for tender 159 with some random text.","Central Govt > Ministry of Commerce > Department of Trade","2026-04-11","2026-05-07","6208398","Awarded"
"TEND-1160","Tender for Supply of Goods 160","Detailed description for tender 160 with some random text.","Central Govt > Ministry of Commerce > Department of Trade","2026-04-26","2026-05-14","2919467","Closed"
"TEND-1161","Tender for Supply of Goods 161","Detailed description for tender 161 with some random text.","Central Govt > Ministry of Commerce > Department of Trade","2026-04-28","2026-05-07","3484389","Open"
"TEND-1162","Tender for Supply of Goods 162","Detailed description for tender 162 with some random text.","Central Govt > Ministry of Commerce > Department of Trade","2026-04-07","2026-05-08","825493","Closed"
"TEND-1163","Tender for Supply of Goods 163","Detailed description for tender 163 with some random text.","Central Govt > Ministry of Commerce > Department of Trade","2026-04-12","2026-05-17","5494143","Open"
"TEND-1164","Tender for Supply of Goods 164","Detailed description for tender 164 with some random text.","Central Govt > Ministry of Commerce > Department of Trade","2026-04-25","2026-05-12","3107430","Open"
"TEND-1165","Tender for Supply of Goods 165","Detailed description for tender 165 with some random text.","Central Govt > Ministry of Commerce > Department of Trade","2026-05-03","2026-05-20","5128917","Awarded"
"TEND-1166","Tender for Supply of Goods 166","Detailed description for tender 166 with some random text.","Central Govt > Ministry of Commerce > Department of Trade","2026-04-10","2026-05-10","2769330","Open"
"TEND-1167","Tender for Supply of Goods 167","Detailed description for tender 167 with some random text.","Central Govt > Ministry of Commerce > Department of Trade","2026-04-11","2026-05-08","3876511","Open"
"TEND-1168","Tender for Supply of Goods 168","Detailed description for tender 168 with some random text.","Central Govt > Ministry of Commerce > Department of Trade","2026-05-03","2026-05-14","2954871","Closed"
"TEND-1169","Tender for Supply of Goods 169","Detailed description for tender 169 with some random text.","Central Govt > Ministry of Commerce > Department of Trade","2026-04-26","2026-05-07","4288549","Awarded"
"TEND-1170","Tender for Supply of Goods 170","Detailed description for tender 170 with some random text.","Central Govt > Ministry of Commerce > Department of Trade","2026-04-25","2026-05-10","4072936","Awarded"
"TEND-1171","Tender for Supply of Goods 171","Detailed description for tender 171 with some random text.","Central Govt > Ministry of Commerce > Department of Trade","2026-04-28","2026-05-10","7989350","Awarded"
"TEND-1172","Tender for Supply of Goods 172","Detailed description for tender 172 with some random text.","Central Govt > Ministry of Commerce > Department of Trade","2026-05-01","2026-05-17","248709","Awarded"
"TEND-1173","Tender for Supply of Goods 173","Detailed description for tender 173 with some random text.","Central Govt > Ministry of Commerce > Department of Trade","2026-04-13","2026-05-10","7316385","Open"
"TEND-1174","Tender for Supply of Goods 174","Detailed description for tender 174 with some random text.","Central Govt > Ministry of Commerce > Department of Trade","2026-04-15","2026-05-18","4885368","Awarded"
"TEND-1175","Tender for Supply of Goods 175","Detailed description for tender 175 with some random text.","Central Govt > Ministry of Commerce > Department of Trade","2026-04-19","2026-05-11","9701443","Awarded"
"TEND-1176","Tender for Supply of Goods 176","Detailed description for tender 176 with some random text.","Central Govt > Ministry of Commerce > Department of Trade","2026-04-21","2026-05-15","3870838","Closed"
"TEND-1177","Tender for Supply of Goods 177","Detailed description for tender 177 with some random text.","Central Govt > Ministry of Commerce > Department of Trade","2026-04-26","2026-05-10","3806660","Closed"
"TEND-1178","Tender for Supply of Goods 178","Detailed description for tender 178 with some random text.","Central Govt > Ministry of Commerce > Department of Trade","2026-04-23","2026-05-10","4681167","Awarded"
"TEND-1179","Tender for Supply of Goods 179","Detailed description for tender 179 with some random text.","Central Govt > Ministry of Commerce > Department of Trade","2026-05-03","2026-05-13","4021658","Awarded"
"TEND-1180","Tender for Supply of Goods 180","Detailed description for tender 180 with some random text.","Central Govt > Ministry of Commerce > Department of Trade","2026-05-04","2026-05-20","4249798","Closed"
"TEND-1181","Tender for Supply of Goods 181","Detailed description for tender 181 with some random text.","Central Govt > Ministry of Commerce > Department of Trade","2026-04-15","2026-05-21","4484268","Open"
"TEND-1182","Tender for Supply of Goods 182","Detailed description for tender 182 with some random text.","Central Govt > Ministry of Commerce > Department of Trade","2026-04-25","2026-05-08","5301823","Open"
"TEND-1183","Tender for Supply of Goods 183","Detailed description for tender 183 with some random text.","Central Govt > Ministry of Commerce > Department of Trade","2026-04-12","2026-05-16","5810200","Open"
"TEND-1184","Tender for Supply of Goods 184","Detailed description for tender 184 with some random text.","Central Govt > Ministry of Commerce > Department of Trade","2026-04-29","2026-05-15","4831839","Closed"
"TEND-1185","Tender for Supply of Goods 185","Detailed description for tender 185 with some random text.","Central Govt > Ministry of Commerce > Department of Trade","2026-04-29","2026-05-18","6924764","Awarded"
"TEND-1186","Tender for Supply of Goods 186","Detailed description for tender 186 with some random text.","Central Govt > Ministry of Commerce > Department of Trade","2026-04-20","2026-05-20","9674214","Open"
"TEND-1187","Tender for Supply of Goods 187","Detailed description for tender 187 with some random text.","Central Govt > Ministry of Commerce > Department of Trade","2026-04-16","2026-05-08","5097236","Open"
"TEND-1188","Tender for Supply of Goods 188","Detailed description for tender 188 with some random text.","Central Govt > Ministry of Commerce > Department of Trade","2026-04-12","2026-05-19","509392","Open"
"TEND-1189","Tender for Supply of Goods 189","Detailed description for tender 189 with some random text.","Central Govt > Ministry of Commerce > Department of Trade","2026-04-23","2026-05-12","8594727","Closed"
"TEND-1190","Tender for Supply of Goods 190","Detailed description for tender 190 with some random text.","Central Govt > Ministry of Commerce > Department of Trade","2026-05-03","2026-05-13","5836422","Awarded"
"TEND-1191","Tender for Supply of Goods 191","Detailed description for tender 191 with some random text.","Central Govt > Ministry of Commerce > Department of Trade","2026-04-14","2026-05-07","7056654","Closed"
"TEND-1192","Tender for Supply of Goods 192","Detailed description for tender 192 with some random text.","Central Govt > Ministry of Commerce > Department of Trade","2026-04-11","2026-05-10","401314","Closed"
"TEND-1193","Tender for Supply of Goods 193","Detailed description for tender 193 with some random text.","Central Govt > Ministry of Commerce > Department of Trade","2026-04-09","2026-05-10","1441574","Open"
"TEND-1194","Tender for Supply of Goods 194","Detailed description for tender 194 with some random text.","Central Govt > Ministry of Commerce > Department of Trade","2026-04-24","2026-05-17","5377079","Closed"
"TEND-1195","Tender for Supply of Goods 195","Detailed description for tender 195 with some random text.","Central Govt > Ministry of Commerce > Department of Trade","2026-04-17","2026-05-09","1687696","Open"
"TEND-1196","Tender for Supply of Goods 196","Detailed description for tender 196 with some random text.","Central Govt > Ministry of Commerce > Department of Trade","2026-04-27","2026-05-19","9422125","Open"
"TEND-1197","Tender for Supply of Goods 197","Detailed description for tender 197 with some random text.","Central Govt > Ministry of Commerce > Department of Trade","2026-04-10","2026-05-15","8747837","Closed"
"TEND-1198","Tender for Supply of Goods 198","Detailed description for tender 198 with some random text.","Central Govt > Ministry of Commerce > Department of Trade","2026-04-18","2026-05-18","9610842","Awarded"
"TEND-1199","Tender for Supply of Goods 199","Detailed description for tender 199 with some random text.","Central Govt > Ministry of Commerce > Department of Trade","2026-04-25","2026-05-17","1560299","Awarded"
"TEND-1200","Tender for Supply of Goods 200","Detailed description for tender 200 with some random text.","Central Govt > Ministry of Commerce > Department of Trade","2026-04-23","2026-05-19","3716433","Awarded"
"TEND-1201","Tender for Supply of Goods 201","Detailed description for tender 201 with some random text.","Central Govt > Ministry of Commerce > Department of Trade","2026-04-13","2026-05-09","2755778","Awarded"
"TEND-1202","Tender for Supply of Goods 202","Detailed description for tender 202 with some random text.","Central Govt > Ministry of Commerce > Department of Trade","2026-05-02","2026-05-15","3356299","Closed"
"TEND-1203","Tender for Supply of Goods 203","Detailed description for tender 203 with some random text.","Central Govt > Ministry of Commerce > Department of Trade","2026-04-08","2026-05-18","8381271","Closed"
"TEND-1204","Tender for Supply of Goods 204","Detailed description for tender 204 with some random text.","Central Govt > Ministry of Commerce > Department of Trade","2026-04-09","2026-05-16","1673428","Closed"
"TEND-1205","Tender for Supply of Goods 205","Detailed description for tender 205 with some random text.","Central Govt > Ministry of Commerce > Department of Trade","2026-04-22","2026-05-16","1215024","Open"
"TEND-1206","Tender for Supply of Goods 206","Detailed description for tender 206 with some random text.","Central Govt > Ministry of Commerce > Department of Trade","2026-04-16","2026-05-11","5744715","Awarded"
"TEND-1207","Tender for Supply of Goods 207","Detailed description for tender 207 with some random text.","Central Govt > Ministry of Commerce > Department of Trade","2026-04-24","2026-05-13","9050677","Awarded"
"TEND-1208","Tender for Supply of Goods 208","Detailed description for tender 208 with some random text.","Central Govt > Ministry of Commerce > Department of Trade","2026-04-20","2026-05-17","6312207","Open"
"TEND-1209","Tender for Supply of Goods 209","Detailed description for tender 209 with some random text.","Central Govt > Ministry of Commerce > Department of Trade","2026-04-09","2026-05-17","1178410","Closed"
"TEND-1210","Tender for Supply of Goods 210","Detailed description for tender 210 with some random text.","Central Govt > Ministry of Commerce > Department of Trade","2026-04-19","2026-05-17","9667428","Closed"
"TEND-1211","Tender for Supply of Goods 211","Detailed description for tender 211 with some random text.","Central Govt > Ministry of Commerce > Department of Trade","2026-04-24","2026-05-15","2076082","Open"
"TEND-1212","Tender for Supply of Goods 212","Detailed description for tender 212 with some random text.","Central Govt > Ministry of Commerce > Department of Trade","2026-04-21","2026-05-17","6679854","Awarded"
"TEND-1213","Tender for Supply of Goods 213","Detailed description for tender 213 with some random text.","Central Govt > Ministry of Commerce > Department of Trade","2026-04-06","2026-05-17","4188888","Awarded"
"TEND-1214","Tender for Supply of Goods 214","Detailed description for tender 214 with some random text.","Central Govt > Ministry of Commerce > Department of Trade","2026-04-10","2026-05-10","2986242","Open"
"TEND-1215","Tender for Supply of Goods 215","Detailed description for tender 215 with some random text.","Central Govt > Ministry of Commerce > Department of Trade","2026-05-03","2026-05-10","3478762","Open"
"TEND-1216","Tender for Supply of Goods 216","Detailed description for tender 216 with some random text.","Central Govt > Ministry of Commerce > Department of Trade","2026-04-12","2026-05-12","1141243","Open"
"TEND-1217","Tender for Supply of Goods 217","Detailed description for tender 217 with some random text.","Central Govt > Ministry of Commerce > Department of Trade","2026-04-18","2026-05-11","8854543","Closed"
"TEND-1218","Tender for Supply of Goods 218","Detailed description for tender 218 with some random text.","Central Govt > Ministry of Commerce > Department of Trade","2026-04-07","2026-05-13","8867960","Open"
"TEND-1219","Tender for Supply of Goods 219","Detailed description for tender 219 with some random text.","Central Govt > Ministry of Commerce > Department of Trade","2026-04-12","2026-05-08","9533830","Open"
"TEND-1220","Tender for Supply of Goods 220","Detailed description for tender 220 with some random text.","Central Govt > Ministry of Commerce > Department of Trade","2026-04-27","2026-05-12","6815337","Open"
"TEND-1221","Tender for Supply of Goods 221","Detailed description for tender 221 with some random text.","Central Govt > Ministry of Commerce > Department of Trade","2026-04-18","2026-05-17","9496966","Closed"
"TEND-1222","Tender for Supply of Goods 222","Detailed description for tender 222 with some random text.","Central Govt > Ministry of Commerce > Department of Trade","2026-04-27","2026-05-19","8586081","Awarded"
"TEND-1223","Tender for Supply of Goods 223","Detailed description for tender 223 with some random text.","Central Govt > Ministry of Commerce > Department of Trade","2026-04-26","2026-05-15","9742518","Closed"
"TEND-1224","Tender for Supply of Goods 224","Detailed description for tender 224 with some random text.","Central Govt > Ministry of Commerce > Department of Trade","2026-04-24","2026-05-08","9664283","Awarded"
"TEND-1225","Tender for Supply of Goods 225","Detailed description for tender 225 with some random text.","Central Govt > Ministry of Commerce > Department of Trade","2026-04-23","2026-05-10","4511884","Open"
"TEND-1226","Tender for Supply of Goods 226","Detailed description for tender 226 with some random text.","Central Govt > Ministry of Commerce > Department of Trade","2026-04-18","2026-05-08","3213774","Closed"
"TEND-1227","Tender for Supply of Goods 227","Detailed description for tender 227 with some random text.","Central Govt > Ministry of Commerce > Department of Trade","2026-04-28","2026-05-07","6935171","Open"
"TEND-1228","Tender for Supply of Goods 228","Detailed description for tender 228 with some random text.","Central Govt > Ministry of Commerce > Department of Trade","2026-04-22","2026-05-18","2673989","Open"
"TEND-1229","Tender for Supply of Goods 229","Detailed description for tender 229 with some random text.","Central Govt > Ministry of Commerce > Department of Trade","2026-04-23","2026-05-12","7439135","Open"
"TEND-1230","Tender for Supply of Goods 230","Detailed description for tender 230 with some random text.","Central Govt > Ministry of Commerce > Department of Trade","2026-05-02","2026-05-13","4821890","Closed"
"TEND-1231","Tender for Supply of Goods 231","Detailed description for tender 231 with some random text.","Central Govt > Ministry of Commerce > Department of Trade","2026-04-22","2026-05-08","9368602","Closed"
"TEND-1232","Tender for Supply of Goods 232","Detailed description for tender 232 with some random text.","Central Govt > Ministry of Commerce > Department of Trade","2026-04-14","2026-05-07","3581165","Closed"
"TEND-1233","Tender for Supply of Goods 233","Detailed description for tender 233 with some random text.","Central Govt > Ministry of Commerce > Department of Trade","2026-04-18","2026-05-20","1714456","Open"
"TEND-1234","Tender for Supply of Goods 234","Detailed description for tender 234 with some random text.","Central Govt > Ministry of Commerce > Department of Trade","2026-04-22","2026-05-10","6749998","Closed"
"TEND-1235","Tender for Supply of Goods 235","Detailed description for tender 235 with some random text.","Central Govt > Ministry of Commerce > Department of Trade","2026-04-17","2026-05-07","2942147","Closed"
"TEND-1236","Tender for Supply of Goods 236","Detailed description for tender 236 with some random text.","Central Govt > Ministry of Commerce > Department of Trade","2026-04-26","2026-05-16","2242300","Awarded"
"TEND-1237","Tender for Supply of Goods 237","Detailed description for tender 237 with some random text.","Central Govt > Ministry of Commerce > Department of Trade","2026-04-24","2026-05-14","7308503","Closed"
"TEND-1238","Tender for Supply of Goods 238","Detailed description for tender 238 with some random text.","Central Govt > Ministry of Commerce > Department of Trade","2026-04-14","2026-05-16","1911390","Closed"
"TEND-1239","Tender for Supply of Goods 239","Detailed description for tender 239 with some random text.","Central Govt > Ministry of Commerce > Department of Trade","2026-04-25","2026-05-14","9127179","Closed"
"TEND-1240","Tender for Supply of Goods 240","Detailed description for tender 240 with some random text.","Central Govt > Ministry of Commerce > Department of Trade","2026-04-30","2026-05-09","5722850","Open"
"TEND-1241","Tender for Supply of Goods 241","Detailed description for tender 241 with some random text.","Central Govt > Ministry of Commerce > Department of Trade","2026-04-22","2026-05-17","3047727","Closed"
"TEND-1242","Tender for Supply of Goods 242","Detailed description for tender 242 with some random text.","Central Govt > Ministry of Commerce > Department of Trade","2026-04-29","2026-05-21","631875","Awarded"
"TEND-1243","Tender for Supply of Goods 243","Detailed description for tender 243 with some random text.","Central Govt > Ministry of Commerce > Department of Trade","2026-04-15","2026-05-12","2530214","Open"
"TEND-1244","Tender for Supply of Goods 244","Detailed description for tender 244 with some random text.","Central Govt > Ministry of Commerce > Department of Trade","2026-04-27","2026-05-11","9405323","Awarded"
"TEND-1245","Tender for Supply of Goods 245","Detailed description for tender 245 with some random text.","Central Govt > Ministry of Commerce > Department of Trade","2026-04-09","2026-05-21","7211519","Awarded"
"TEND-1246","Tender for Supply of Goods 246","Detailed description for tender 246 with some random text.","Central Govt > Ministry of Commerce > Department of Trade","2026-04-25","2026-05-13","6223629","Closed"
"TEND-1247","Tender for Supply of Goods 247","Detailed description for tender 247 with some random text.","Central Govt > Ministry of Commerce > Department of Trade","2026-04-29","2026-05-15","710532","Open"
"TEND-1248","Tender for Supply of Goods 248","Detailed description for tender 248 with some random text.","Central Govt > Ministry of Commerce > Department of Trade","2026-04-17","2026-05-18","8486709","Awarded"
"TEND-1249","Tender for Supply of Goods 249","Detailed description for tender 249 with some random text.","Central Govt > Ministry of Commerce > Department of Trade","2026-05-02","2026-05-08","5655275","Awarded"
"TEND-1250","Tender for Supply of Goods 250","Detailed description for tender 250 with some random text.","Central Govt > Ministry of Commerce > Department of Trade","2026-05-02","2026-05-11","452179","Awarded"
"TEND-1251","Tender for Supply of Goods 251","Detailed description for tender 251 with some random text.","Central Govt > Ministry of Commerce > Department of Trade","2026-05-02","2026-05-08","8740829","Open"
"TEND-1252","Tender for Supply of Goods 252","Detailed description for tender 252 with some random text.","Central Govt > Ministry of Commerce > Department of Trade","2026-04-13","2026-05-12","241838","Awarded"
"TEND-1253","Tender for Supply of Goods 253","Detailed description for tender 253 with some random text.","Central Govt > Ministry of Commerce > Department of Trade","2026-04-21","2026-05-13","8242883","Open"
"TEND-1254","Tender for Supply of Goods 254","Detailed description for tender 254 with some random text.","Central Govt > Ministry of Commerce > Department of Trade","2026-05-05","2026-05-08","1368625","Open"
"TEND-1255","Tender for Supply of Goods 255","Detailed description for tender 255 with some random text.","Central Govt > Ministry of Commerce > Department of Trade","2026-04-19","2026-05-19","7211624","Open"
"TEND-1256","Tender for Supply of Goods 256","Detailed description for tender 256 with some random text.","Central Govt > Ministry of Commerce > Department of Trade","2026-04-23","2026-05-11","706541","Awarded"
"TEND-1257","Tender for Supply of Goods 257","Detailed description for tender 257 with some random text.","Central Govt > Ministry of Commerce > Department of Trade","2026-04-15","2026-05-10","4272594","Closed"
"TEND-1258","Tender for Supply of Goods 258","Detailed description for tender 258 with some random text.","Central Govt > Ministry of Commerce > Department of Trade","2026-04-09","2026-05-09","1578018","Awarded"
"TEND-1259","Tender for Supply of Goods 259","Detailed description for tender 259 with some random text.","Central Govt > Ministry of Commerce > Department of Trade","2026-04-13","2026-05-21","3098579","Awarded"
"TEND-1260","Tender for Supply of Goods 260","Detailed description for tender 260 with some random text.","Central Govt > Ministry of Commerce > Department of Trade","2026-04-29","2026-05-16","4870702","Open"
"TEND-1261","Tender for Supply of Goods 261","Detailed description for tender 261 with some random text.","Central Govt > Ministry of Commerce > Department of Trade","2026-04-07","2026-05-16","1765609","Awarded"
"TEND-1262","Tender for Supply of Goods 262","Detailed description for tender 262 with some random text.","Central Govt > Ministry of Commerce > Department of Trade","2026-04-10","2026-05-21","8701216","Closed"
"TEND-1263","Tender for Supply of Goods 263","Detailed description for tender 263 with some random text.","Central Govt > Ministry of Commerce > Department of Trade","2026-04-09","2026-05-07","577911","Awarded"
"TEND-1264","Tender for Supply of Goods 264","Detailed description for tender 264 with some random text.","Central Govt > Ministry of Commerce > Department of Trade","2026-05-02","2026-05-17","4911034","Open"
"TEND-1265","Tender for Supply of Goods 265","Detailed description for tender 265 with some random text.","Central Govt > Ministry of Commerce > Department of Trade","2026-04-06","2026-05-15","1367553","Closed"
"TEND-1266","Tender for Supply of Goods 266","Detailed description for tender 266 with some random text.","Central Govt > Ministry of Commerce > Department of Trade","2026-04-25","2026-05-08","7033627","Awarded"
"TEND-1267","Tender for Supply of Goods 267","Detailed description for tender 267 with some random text.","Central Govt > Ministry of Commerce > Department of Trade","2026-05-05","2026-05-13","9429082","Closed"
"TEND-1268","Tender for Supply of Goods 268","Detailed description for tender 268 with some random text.","Central Govt > Ministry of Commerce > Department of Trade","2026-04-13","2026-05-15","2704241","Awarded"
"TEND-1269","Tender for Supply of Goods 269","Detailed description for tender 269 with some random text.","Central Govt > Ministry of Commerce > Department of Trade","2026-04-14","2026-05-12","9078873","Awarded"
"TEND-1270","Tender for Supply of Goods 270","Detailed description for tender 270 with some random text.","Central Govt > Ministry of Commerce > Department of Trade","2026-04-14","2026-05-11","8156909","Closed"
"TEND-1271","Tender for Supply of Goods 271","Detailed description for tender 271 with some random text.","Central Govt > Ministry of Commerce > Department of Trade","2026-04-26","2026-05-16","4484540","Closed"
"TEND-1272","Tender for Supply of Goods 272","Detailed description for tender 272 with some random text.","Central Govt > Ministry of Commerce > Department of Trade","2026-04-20","2026-05-21","2214916","Open"
"TEND-1273","Tender for Supply of Goods 273","Detailed description for tender 273 with some random text.","Central Govt > Ministry of Commerce > Department of Trade","2026-04-25","2026-05-13","5040925","Closed"
"TEND-1274","Tender for Supply of Goods 274","Detailed description for tender 274 with some random text.","Central Govt > Ministry of Commerce > Department of Trade","2026-04-27","2026-05-16","6097045","Open"
"TEND-1275","Tender for Supply of Goods 275","Detailed description for tender 275 with some random text.","Central Govt > Ministry of Commerce > Department of Trade","2026-04-13","2026-05-20","8210975","Awarded"
"TEND-1276","Tender for Supply of Goods 276","Detailed description for tender 276 with some random text.","Central Govt > Ministry of Commerce > Department of Trade","2026-04-15","2026-05-10","413646","Awarded"
"TEND-1277","Tender for Supply of Goods 277","Detailed description for tender 277 with some random text.","Central Govt > Ministry of Commerce > Department of Trade","2026-04-17","2026-05-11","9414230","Awarded"
"TEND-1278","Tender for Supply of Goods 278","Detailed description for tender 278 with some random text.","Central Govt > Ministry of Commerce > Department of Trade","2026-04-15","2026-05-18","1897584","Awarded"
"TEND-1279","Tender for Supply of Goods 279","Detailed description for tender 279 with some random text.","Central Govt > Ministry of Commerce > Department of Trade","2026-04-14","2026-05-15","4252764","Closed"
"TEND-1280","Tender for Supply of Goods 280","Detailed description for tender 280 with some random text.","Central Govt > Ministry of Commerce > Department of Trade","2026-04-24","2026-05-20","3854397","Open"
"TEND-1281","Tender for Supply of Goods 281","Detailed description for tender 281 with some random text.","Central Govt > Ministry of Commerce > Department of Trade","2026-04-23","2026-05-19","6949495","Awarded"
"TEND-1282","Tender for Supply of Goods 282","Detailed description for tender 282 with some random text.","Central Govt > Ministry of Commerce > Department of Trade","2026-04-18","2026-05-07","1060268","Awarded"
"TEND-1283","Tender for Supply of Goods 283","Detailed description for tender 283 with some random text.","Central Govt > Ministry of Commerce > Department of Trade","2026-04-08","2026-05-21","7411300","Closed"
"TEND-1284","Tender for Supply of Goods 284","Detailed description for tender 284 with some random text.","Central Govt > Ministry of Commerce > Department of Trade","2026-04-23","2026-05-19","2143822","Awarded"
"TEND-1285","Tender for Supply of Goods 285","Detailed description for tender 285 with some random text.","Central Govt > Ministry of Commerce > Department of Trade","2026-04-16","2026-05-18","7212644","Closed"
"TEND-1286","Tender for Supply of Goods 286","Detailed description for tender 286 with some random text.","Central Govt > Ministry of Commerce > Department of Trade","2026-04-15","2026-05-09","6089319","Closed"
"TEND-1287","Tender for Supply of Goods 287","Detailed description for tender 287 with some random text.","Central Govt > Ministry of Commerce > Department of Trade","2026-05-02","2026-05-10","4675986","Open"
"TEND-1288","Tender for Supply of Goods 288","Detailed description for tender 288 with some random text.","Central Govt > Ministry of Commerce > Department of Trade","2026-05-04","2026-05-10","7059244","Open"
"TEND-1289","Tender for Supply of Goods 289","Detailed description for tender 289 with some random text.","Central Govt > Ministry of Commerce > Department of Trade","2026-04-07","2026-05-15","920129","Awarded"
"TEND-1290","Tender for Supply of Goods 290","Detailed description for tender 290 with some random text.","Central Govt > Ministry of Commerce > Department of Trade","2026-05-03","2026-05-18","5024685","Closed"
"TEND-1291","Tender for Supply of Goods 291","Detailed description for tender 291 with some random text.","Central Govt > Ministry of Commerce > Department of Trade","2026-04-28","2026-05-18","4203582","Closed"
"TEND-1292","Tender for Supply of Goods 292","Detailed description for tender 292 with some random text.","Central Govt > Ministry of Commerce > Department of Trade","2026-04-25","2026-05-14","6169321","Closed"
"TEND-1293","Tender for Supply of Goods 293","Detailed description for tender 293 with some random text.","Central Govt > Ministry of Commerce > Department of Trade","2026-05-05","2026-05-14","1187916","Open"
"TEND-1294","Tender for Supply of Goods 294","Detailed description for tender 294 with some random text.","Central Govt > Ministry of Commerce > Department of Trade","2026-05-04","2026-05-14","8880023","Open"
"TEND-1295","Tender for Supply of Goods 295","Detailed description for tender 295 with some random text.","Central Govt > Ministry of Commerce > Department of Trade","2026-04-29","2026-05-12","9614553","Open"
"TEND-1296","Tender for Supply of Goods 296","Detailed description for tender 296 with some random text.","Central Govt > Ministry of Commerce > Department of Trade","2026-04-18","2026-05-15","2040069","Awarded"
"TEND-1297","Tender for Supply of Goods 297","Detailed description for tender 297 with some random text.","Central Govt > Ministry of Commerce > Department of Trade","2026-04-13","2026-05-12","9304457","Awarded"
"TEND-1298","Tender for Supply of Goods 298","Detailed description for tender 298 with some random text.","Central Govt > Ministry of Commerce > Department of Trade","2026-04-22","2026-05-10","9218718","Closed"
"TEND-1299","Tender for Supply of Goods 299","Detailed description for tender 299 with some random text.","Central Govt > Ministry of Commerce > Department of Trade","2026-04-30","2026-05-11","6659522","Closed"
"TEND-1300","Tender for Supply of Goods 300","Detailed description for tender 300 with some random text.","Central Govt > Ministry of Commerce > Department of Trade","2026-04-29","2026-05-19","4385883","Awarded"
"TEND-1301","Tender for Supply of Goods 301","Detailed description for tender 301 with some random text.","Central Govt > Ministry of Commerce > Department of Trade","2026-04-20","2026-05-10","381513","Closed"
"TEND-1302","Tender for Supply of Goods 302","Detailed description for tender 302 with some random text.","Central Govt > Ministry of Commerce > Department of Trade","2026-05-05","2026-05-07","2454623","Awarded"
"TEND-1303","Tender for Supply of Goods 303","Detailed description for tender 303 with some random text.","Central Govt > Ministry of Commerce > Department of Trade","2026-04-07","2026-05-10","3798682","Open"
"TEND-1304","Tender for Supply of Goods 304","Detailed description for tender 304 with some random text.","Central Govt > Ministry of Commerce > Department of Trade","2026-04-07","2026-05-20","896729","Closed"
"TEND-1305","Tender for Supply of Goods 305","Detailed description for tender 305 with some random text.","Central Govt > Ministry of Commerce > Department of Trade","2026-04-17","2026-05-07","1923837","Open"
"TEND-1306","Tender for Supply of Goods 306","Detailed description for tender 306 with some random text.","Central Govt > Ministry of Commerce > Department of Trade","2026-05-03","2026-05-08","1941170","Awarded"
"TEND-1307","Tender for Supply of Goods 307","Detailed description for tender 307 with some random text.","Central Govt > Ministry of Commerce > Department of Trade","2026-04-17","2026-05-10","4724915","Closed"
"TEND-1308","Tender for Supply of Goods 308","Detailed description for tender 308 with some random text.","Central Govt > Ministry of Commerce > Department of Trade","2026-05-05","2026-05-15","7385439","Awarded"
"TEND-1309","Tender for Supply of Goods 309","Detailed description for tender 309 with some random text.","Central Govt > Ministry of Commerce > Department of Trade","2026-04-22","2026-05-15","1725805","Closed"
"TEND-1310","Tender for Supply of Goods 310","Detailed description for tender 310 with some random text.","Central Govt > Ministry of Commerce > Department of Trade","2026-04-19","2026-05-15","9167035","Open"
"TEND-1311","Tender for Supply of Goods 311","Detailed description for tender 311 with some random text.","Central Govt > Ministry of Commerce > Department of Trade","2026-04-18","2026-05-12","5028950","Awarded"
"TEND-1312","Tender for Supply of Goods 312","Detailed description for tender 312 with some random text.","Central Govt > Ministry of Commerce > Department of Trade","2026-04-23","2026-05-07","9539097","Closed"
"TEND-1313","Tender for Supply of Goods 313","Detailed description for tender 313 with some random text.","Central Govt > Ministry of Commerce > Department of Trade","2026-04-13","2026-05-18","4128973","Open"
"TEND-1314","Tender for Supply of Goods 314","Detailed description for tender 314 with some random text.","Central Govt > Ministry of Commerce > Department of Trade","2026-04-07","2026-05-18","8542304","Awarded"
"TEND-1315","Tender for Supply of Goods 315","Detailed description for tender 315 with some random text.","Central Govt > Ministry of Commerce > Department of Trade","2026-04-23","2026-05-15","1464480","Open"
"TEND-1316","Tender for Supply of Goods 316","Detailed description for tender 316 with some random text.","Central Govt > Ministry of Commerce > Department of Trade","2026-05-01","2026-05-19","8216250","Closed"
"TEND-1317","Tender for Supply of Goods 317","Detailed description for tender 317 with some random text.","Central Govt > Ministry of Commerce > Department of Trade","2026-04-30","2026-05-15","7848449","Closed"
"TEND-1318","Tender for Supply of Goods 318","Detailed description for tender 318 with some random text.","Central Govt > Ministry of Commerce > Department of Trade","2026-04-10","2026-05-09","4517192","Closed"
"TEND-1319","Tender for Supply of Goods 319","Detailed description for tender 319 with some random text.","Central Govt > Ministry of Commerce > Department of Trade","2026-04-27","2026-05-12","3950169","Open"
"TEND-1320","Tender for Supply of Goods 320","Detailed description for tender 320 with some random text.","Central Govt > Ministry of Commerce > Department of Trade","2026-04-08","2026-05-14","6231795","Open"
"TEND-1321","Tender for Supply of Goods 321","Detailed description for tender 321 with some random text.","Central Govt > Ministry of Commerce > Department of Trade","2026-04-17","2026-05-15","1545220","Closed"
"TEND-1322","Tender for Supply of Goods 322","Detailed description for tender 322 with some random text.","Central Govt > Ministry of Commerce > Department of Trade","2026-04-09","2026-05-13","5532586","Awarded"
"TEND-1323","Tender for Supply of Goods 323","Detailed description for tender 323 with some random text.","Central Govt > Ministry of Commerce > Department of Trade","2026-04-25","2026-05-14","4374215","Open"
"TEND-1324","Tender for Supply of Goods 324","Detailed description for tender 324 with some random text.","Central Govt > Ministry of Commerce > Department of Trade","2026-04-30","2026-05-10","7725591","Closed"
"TEND-1325","Tender for Supply of Goods 325","Detailed description for tender 325 with some random text.","Central Govt > Ministry of Commerce > Department of Trade","2026-04-21","2026-05-07","4438890","Open"
"TEND-1326","Tender for Supply of Goods 326","Detailed description for tender 326 with some random text.","Central Govt > Ministry of Commerce > Department of Trade","2026-04-20","2026-05-13","5083389","Open"
"TEND-1327","Tender for Supply of Goods 327","Detailed description for tender 327 with some random text.","Central Govt > Ministry of Commerce > Department of Trade","2026-05-05","2026-05-11","7601257","Awarded"
"TEND-1328","Tender for Supply of Goods 328","Detailed description for tender 328 with some random text.","Central Govt > Ministry of Commerce > Department of Trade","2026-04-27","2026-05-13","1292061","Open"
"TEND-1329","Tender for Supply of Goods 329","Detailed description for tender 329 with some random text.","Central Govt > Ministry of Commerce > Department of Trade","2026-04-27","2026-05-14","6003638","Awarded"
"TEND-1330","Tender for Supply of Goods 330","Detailed description for tender 330 with some random text.","Central Govt > Ministry of Commerce > Department of Trade","2026-04-09","2026-05-16","6087047","Open"
"TEND-1331","Tender for Supply of Goods 331","Detailed description for tender 331 with some random text.","Central Govt > Ministry of Commerce > Department of Trade","2026-04-13","2026-05-20","3404769","Closed"
"TEND-1332","Tender for Supply of Goods 332","Detailed description for tender 332 with some random text.","Central Govt > Ministry of Commerce > Department of Trade","2026-05-05","2026-05-07","8901573","Open"
"TEND-1333","Tender for Supply of Goods 333","Detailed description for tender 333 with some random text.","Central Govt > Ministry of Commerce > Department of Trade","2026-04-26","2026-05-10","9836013","Closed"
"TEND-1334","Tender for Supply of Goods 334","Detailed description for tender 334 with some random text.","Central Govt > Ministry of Commerce > Department of Trade","2026-04-14","2026-05-17","7766558","Awarded"
"TEND-1335","Tender for Supply of Goods 335","Detailed description for tender 335 with some random text.","Central Govt > Ministry of Commerce > Department of Trade","2026-04-20","2026-05-21","3630676","Awarded"
"TEND-1336","Tender for Supply of Goods 336","Detailed description for tender 336 with some random text.","Central Govt > Ministry of Commerce > Department of Trade","2026-04-27","2026-05-11","6873222","Closed"
"TEND-1337","Tender for Supply of Goods 337","Detailed description for tender 337 with some random text.","Central Govt > Ministry of Commerce > Department of Trade","2026-04-26","2026-05-18","6180430","Awarded"
"TEND-1338","Tender for Supply of Goods 338","Detailed description for tender 338 with some random text.","Central Govt > Ministry of Commerce > Department of Trade","2026-04-22","2026-05-09","4751002","Closed"
"TEND-1339","Tender for Supply of Goods 339","Detailed description for tender 339 with some random text.","Central Govt > Ministry of Commerce > Department of Trade","2026-04-18","2026-05-18","1487964","Open"
"TEND-1340","Tender for Supply of Goods 340","Detailed description for tender 340 with some random text.","Central Govt > Ministry of Commerce > Department of Trade","2026-04-15","2026-05-13","1157169","Open"
"TEND-1341","Tender for Supply of Goods 341","Detailed description for tender 341 with some random text.","Central Govt > Ministry of Commerce > Department of Trade","2026-04-07","2026-05-12","1045753","Closed"
"TEND-1342","Tender for Supply of Goods 342","Detailed description for tender 342 with some random text.","Central Govt > Ministry of Commerce > Department of Trade","2026-04-13","2026-05-14","1201902","Awarded"
"TEND-1343","Tender for Supply of Goods 343","Detailed description for tender 343 with some random text.","Central Govt > Ministry of Commerce > Department of Trade","2026-04-16","2026-05-19","5451705","Closed"
"TEND-1344","Tender for Supply of Goods 344","Detailed description for tender 344 with some random text.","Central Govt > Ministry of Commerce > Department of Trade","2026-04-07","2026-05-14","4522675","Open"
"TEND-1345","Tender for Supply of Goods 345","Detailed description for tender 345 with some random text.","Central Govt > Ministry of Commerce > Department of Trade","2026-05-03","2026-05-07","6549458","Open"
"TEND-1346","Tender for Supply of Goods 346","Detailed description for tender 346 with some random text.","Central Govt > Ministry of Commerce > Department of Trade","2026-04-16","2026-05-20","5094254","Open"
"TEND-1347","Tender for Supply of Goods 347","Detailed description for tender 347 with some random text.","Central Govt > Ministry of Commerce > Department of Trade","2026-04-11","2026-05-20","8540852","Awarded"
"TEND-1348","Tender for Supply of Goods 348","Detailed description for tender 348 with some random text.","Central Govt > Ministry of Commerce > Department of Trade","2026-04-18","2026-05-16","1807295","Open"
"TEND-1349","Tender for Supply of Goods 349","Detailed description for tender 349 with some random text.","Central Govt > Ministry of Commerce > Department of Trade","2026-04-19","2026-05-17","5243614","Awarded"
"TEND-1350","Tender for Supply of Goods 350","Detailed description for tender 350 with some random text.","Central Govt > Ministry of Commerce > Department of Trade","2026-04-15","2026-05-15","9204299","Awarded"
"TEND-1351","Tender for Supply of Goods 351","Detailed description for tender 351 with some random text.","Central Govt > Ministry of Commerce > Department of Trade","2026-05-03","2026-05-20","2264489","Open"
"TEND-1352","Tender for Supply of Goods 352","Detailed description for tender 352 with some random text.","Central Govt > Ministry of Commerce > Department of Trade","2026-04-26","2026-05-18","2467102","Closed"
"TEND-1353","Tender for Supply of Goods 353","Detailed description for tender 353 with some random text.","Central Govt > Ministry of Commerce > Department of Trade","2026-04-22","2026-05-12","8701657","Closed"
"TEND-1354","Tender for Supply of Goods 354","Detailed description for tender 354 with some random text.","Central Govt > Ministry of Commerce > Department of Trade","2026-04-13","2026-05-16","7830239","Open"
"TEND-1355","Tender for Supply of Goods 355","Detailed description for tender 355 with some random text.","Central Govt > Ministry of Commerce > Department of Trade","2026-04-22","2026-05-21","2752749","Open"
"TEND-1356","Tender for Supply of Goods 356","Detailed description for tender 356 with some random text.","Central Govt > Ministry of Commerce > Department of Trade","2026-04-09","2026-05-16","3350868","Awarded"
"TEND-1357","Tender for Supply of Goods 357","Detailed description for tender 357 with some random text.","Central Govt > Ministry of Commerce > Department of Trade","2026-04-16","2026-05-09","1456392","Closed"
"TEND-1358","Tender for Supply of Goods 358","Detailed description for tender 358 with some random text.","Central Govt > Ministry of Commerce > Department of Trade","2026-05-05","2026-05-21","1136710","Awarded"
"TEND-1359","Tender for Supply of Goods 359","Detailed description for tender 359 with some random text.","Central Govt > Ministry of Commerce > Department of Trade","2026-04-16","2026-05-07","2828718","Closed"
"TEND-1360","Tender for Supply of Goods 360","Detailed description for tender 360 with some random text.","Central Govt > Ministry of Commerce > Department of Trade","2026-04-07","2026-05-15","1359753","Closed"
"TEND-1361","Tender for Supply of Goods 361","Detailed description for tender 361 with some random text.","Central Govt > Ministry of Commerce > Department of Trade","2026-04-27","2026-05-11","2173586","Closed"
"TEND-1362","Tender for Supply of Goods 362","Detailed description for tender 362 with some random text.","Central Govt > Ministry of Commerce > Department of Trade","2026-04-16","2026-05-13","862799","Open"
"TEND-1363","Tender for Supply of Goods 363","Detailed description for tender 363 with some random text.","Central Govt > Ministry of Commerce > Department of Trade","2026-04-16","2026-05-21","5475524","Awarded"
"TEND-1364","Tender for Supply of Goods 364","Detailed description for tender 364 with some random text.","Central Govt > Ministry of Commerce > Department of Trade","2026-05-02","2026-05-12","7815553","Open"
"TEND-1365","Tender for Supply of Goods 365","Detailed description for tender 365 with some random text.","Central Govt > Ministry of Commerce > Department of Trade","2026-04-13","2026-05-20","3348049","Awarded"
"TEND-1366","Tender for Supply of Goods 366","Detailed description for tender 366 with some random text.","Central Govt > Ministry of Commerce > Department of Trade","2026-04-20","2026-05-20","7264636","Awarded"
"TEND-1367","Tender for Supply of Goods 367","Detailed description for tender 367 with some random text.","Central Govt > Ministry of Commerce > Department of Trade","2026-04-15","2026-05-09","4861648","Open"
"TEND-1368","Tender for Supply of Goods 368","Detailed description for tender 368 with some random text.","Central Govt > Ministry of Commerce > Department of Trade","2026-04-12","2026-05-14","8194164","Closed"
"TEND-1369","Tender for Supply of Goods 369","Detailed description for tender 369 with some random text.","Central Govt > Ministry of Commerce > Department of Trade","2026-05-02","2026-05-16","7705004","Awarded"
"TEND-1370","Tender for Supply of Goods 370","Detailed description for tender 370 with some random text.","Central Govt > Ministry of Commerce > Department of Trade","2026-04-28","2026-05-07","3390340","Awarded"
"TEND-1371","Tender for Supply of Goods 371","Detailed description for tender 371 with some random text.","Central Govt > Ministry of Commerce > Department of Trade","2026-05-01","2026-05-16","2175422","Open"
"TEND-1372","Tender for Supply of Goods 372","Detailed description for tender 372 with some random text.","Central Govt > Ministry of Commerce > Department of Trade","2026-04-21","2026-05-19","1339914","Closed"
"TEND-1373","Tender for Supply of Goods 373","Detailed description for tender 373 with some random text.","Central Govt > Ministry of Commerce > Department of Trade","2026-04-17","2026-05-11","899552","Awarded"
"TEND-1374","Tender for Supply of Goods 374","Detailed description for tender 374 with some random text.","Central Govt > Ministry of Commerce > Department of Trade","2026-04-30","2026-05-12","7573391","Open"
"TEND-1375","Tender for Supply of Goods 375","Detailed description for tender 375 with some random text.","Central Govt > Ministry of Commerce > Department of Trade","2026-04-28","2026-05-11","6039639","Awarded"
"TEND-1376","Tender for Supply of Goods 376","Detailed description for tender 376 with some random text.","Central Govt > Ministry of Commerce > Department of Trade","2026-04-17","2026-05-21","2796958","Awarded"
"TEND-1377","Tender for Supply of Goods 377","Detailed description for tender 377 with some random text.","Central Govt > Ministry of Commerce > Department of Trade","2026-04-15","2026-05-19","804755","Awarded"
"TEND-1378","Tender for Supply of Goods 378","Detailed description for tender 378 with some random text.","Central Govt > Ministry of Commerce > Department of Trade","2026-05-05","2026-05-10","5788424","Awarded"
"TEND-1379","Tender for Supply of Goods 379","Detailed description for tender 379 with some random text.","Central Govt > Ministry of Commerce > Department of Trade","2026-04-25","2026-05-11","7582072","Awarded"
"TEND-1380","Tender for Supply of Goods 380","Detailed description for tender 380 with some random text.","Central Govt > Ministry of Commerce > Department of Trade","2026-04-22","2026-05-17","5809985","Closed"
"TEND-1381","Tender for Supply of Goods 381","Detailed description for tender 381 with some random text.","Central Govt > Ministry of Commerce > Department of Trade","2026-05-01","2026-05-20","874399","Closed"
"TEND-1382","Tender for Supply of Goods 382","Detailed description for tender 382 with some random text.","Central Govt > Ministry of Commerce > Department of Trade","2026-04-27","2026-05-16","9625733","Open"
"TEND-1383","Tender for Supply of Goods 383","Detailed description for tender 383 with some random text.","Central Govt > Ministry of Commerce > Department of Trade","2026-05-04","2026-05-09","688596","Open"
"TEND-1384","Tender for Supply of Goods 384","Detailed description for tender 384 with some random text.","Central Govt > Ministry of Commerce > Department of Trade","2026-04-17","2026-05-21","3442137","Open"
"TEND-1385","Tender for Supply of Goods 385","Detailed description for tender 385 with some random text.","Central Govt > Ministry of Commerce > Department of Trade","2026-04-08","2026-05-16","797997","Closed"
"TEND-1386","Tender for Supply of Goods 386","Detailed description for tender 386 with some random text.","Central Govt > Ministry of Commerce > Department of Trade","2026-04-14","2026-05-15","1721492","Open"
"TEND-1387","Tender for Supply of Goods 387","Detailed description for tender 387 with some random text.","Central Govt > Ministry of Commerce > Department of Trade","2026-05-04","2026-05-15","2665457","Closed"
"TEND-1388","Tender for Supply of Goods 388","Detailed description for tender 388 with some random text.","Central Govt > Ministry of Commerce > Department of Trade","2026-04-19","2026-05-09","4559819","Closed"
"TEND-1389","Tender for Supply of Goods 389","Detailed description for tender 389 with some random text.","Central Govt > Ministry of Commerce > Department of Trade","2026-04-26","2026-05-10","9542464","Open"
"TEND-1390","Tender for Supply of Goods 390","Detailed description for tender 390 with some random text.","Central Govt > Ministry of Commerce > Department of Trade","2026-04-08","2026-05-21","1731496","Open"
"TEND-1391","Tender for Supply of Goods 391","Detailed description for tender 391 with some random text.","Central Govt > Ministry of Commerce > Department of Trade","2026-04-25","2026-05-09","6349566","Closed"
"TEND-1392","Tender for Supply of Goods 392","Detailed description for tender 392 with some random text.","Central Govt > Ministry of Commerce > Department of Trade","2026-04-21","2026-05-10","2484723","Closed"
"TEND-1393","Tender for Supply of Goods 393","Detailed description for tender 393 with some random text.","Central Govt > Ministry of Commerce > Department of Trade","2026-04-20","2026-05-08","3996781","Awarded"
"TEND-1394","Tender for Supply of Goods 394","Detailed description for tender 394 with some random text.","Central Govt > Ministry of Commerce > Department of Trade","2026-04-23","2026-05-19","8032938","Closed"
"TEND-1395","Tender for Supply of Goods 395","Detailed description for tender 395 with some random text.","Central Govt > Ministry of Commerce > Department of Trade","2026-04-22","2026-05-13","2324037","Awarded"
"TEND-1396","Tender for Supply of Goods 396","Detailed description for tender 396 with some random text.","Central Govt > Ministry of Commerce > Department of Trade","2026-05-02","2026-05-15","4402379","Open"
"TEND-1397","Tender for Supply of Goods 397","Detailed description for tender 397 with some random text.","Central Govt > Ministry of Commerce > Department of Trade","2026-04-30","2026-05-13","6268521","Awarded"
"TEND-1398","Tender for Supply of Goods 398","Detailed description for tender 398 with some random text.","Central Govt > Ministry of Commerce > Department of Trade","2026-04-21","2026-05-08","1021279","Open"
"TEND-1399","Tender for Supply of Goods 399","Detailed description for tender 399 with some random text.","Central Govt > Ministry of Commerce > Department of Trade","2026-04-21","2026-05-07","8932058","Open"
"TEND-1400","Tender for Supply of Goods 400","Detailed description for tender 400 with some random text.","Central Govt > Ministry of Commerce > Department of Trade","2026-04-21","2026-05-18","144455","Open"
"TEND-1401","Tender for Supply of Goods 401","Detailed description for tender 401 with some random text.","Central Govt > Ministry of Commerce > Department of Trade","2026-04-13","2026-05-09","1539413","Open"
"TEND-1402","Tender for Supply of Goods 402","Detailed description for tender 402 with some random text.","Central Govt > Ministry of Commerce > Department of Trade","2026-05-05","2026-05-20","7483906","Open"
"TEND-1403","Tender for Supply of Goods 403","Detailed description for tender 403 with some random text.","Central Govt > Ministry of Commerce > Department of Trade","2026-05-01","2026-05-20","6706621","Open"
"TEND-1404","Tender for Supply of Goods 404","Detailed description for tender 404 with some random text.","Central Govt > Ministry of Commerce > Department of Trade","2026-04-17","2026-05-09","859578","Closed"
"TEND-1405","Tender for Supply of Goods 405","Detailed description for tender 405 with some random text.","Central Govt > Ministry of Commerce > Department of Trade","2026-04-30","2026-05-16","9277734","Awarded"
"TEND-1406","Tender for Supply of Goods 406","Detailed description for tender 406 with some random text.","Central Govt > Ministry of Commerce > Department of Trade","2026-04-15","2026-05-08","5842311","Open"
"TEND-1407","Tender for Supply of Goods 407","Detailed description for tender 407 with some random text.","Central Govt > Ministry of Commerce > Department of Trade","2026-04-14","2026-05-17","210996","Closed"
"TEND-1408","Tender for Supply of Goods 408","Detailed description for tender 408 with some random text.","Central Govt > Ministry of Commerce > Department of Trade","2026-04-18","2026-05-21","6660844","Open"
"TEND-1409","Tender for Supply of Goods 409","Detailed description for tender 409 with some random text.","Central Govt > Ministry of Commerce > Department of Trade","2026-04-20","2026-05-13","5442697","Closed"
"TEND-1410","Tender for Supply of Goods 410","Detailed description for tender 410 with some random text.","Central Govt > Ministry of Commerce > Department of Trade","2026-04-16","2026-05-08","7394995","Awarded"
"TEND-1411","Tender for Supply of Goods 411","Detailed description for tender 411 with some random text.","Central Govt > Ministry of Commerce > Department of Trade","2026-05-03","2026-05-08","7017387","Awarded"
"TEND-1412","Tender for Supply of Goods 412","Detailed description for tender 412 with some random text.","Central Govt > Ministry of Commerce > Department of Trade","2026-04-06","2026-05-18","1399213","Closed"
"TEND-1413","Tender for Supply of Goods 413","Detailed description for tender 413 with some random text.","Central Govt > Ministry of Commerce > Department of Trade","2026-04-13","2026-05-18","6781811","Open"
"TEND-1414","Tender for Supply of Goods 414","Detailed description for tender 414 with some random text.","Central Govt > Ministry of Commerce > Department of Trade","2026-04-17","2026-05-16","6114729","Awarded"
"TEND-1415","Tender for Supply of Goods 415","Detailed description for tender 415 with some random text.","Central Govt > Ministry of Commerce > Department of Trade","2026-04-23","2026-05-14","5988642","Open"
"TEND-1416","Tender for Supply of Goods 416","Detailed description for tender 416 with some random text.","Central Govt > Ministry of Commerce > Department of Trade","2026-05-05","2026-05-11","9209119","Awarded"
"TEND-1417","Tender for Supply of Goods 417","Detailed description for tender 417 with some random text.","Central Govt > Ministry of Commerce > Department of Trade","2026-04-12","2026-05-20","4184609","Open"
"TEND-1418","Tender for Supply of Goods 418","Detailed description for tender 418 with some random text.","Central Govt > Ministry of Commerce > Department of Trade","2026-04-24","2026-05-18","6265455","Closed"
"TEND-1419","Tender for Supply of Goods 419","Detailed description for tender 419 with some random text.","Central Govt > Ministry of Commerce > Department of Trade","2026-04-22","2026-05-10","5898071","Open"
"TEND-1420","Tender for Supply of Goods 420","Detailed description for tender 420 with some random text.","Central Govt > Ministry of Commerce > Department of Trade","2026-04-21","2026-05-21","6878723","Open"
"TEND-1421","Tender for Supply of Goods 421","Detailed description for tender 421 with some random text.","Central Govt > Ministry of Commerce > Department of Trade","2026-04-20","2026-05-21","5257023","Closed"
"TEND-1422","Tender for Supply of Goods 422","Detailed description for tender 422 with some random text.","Central Govt > Ministry of Commerce > Department of Trade","2026-04-23","2026-05-20","1228153","Awarded"
"TEND-1423","Tender for Supply of Goods 423","Detailed description for tender 423 with some random text.","Central Govt > Ministry of Commerce > Department of Trade","2026-04-30","2026-05-17","1371475","Awarded"
"TEND-1424","Tender for Supply of Goods 424","Detailed description for tender 424 with some random text.","Central Govt > Ministry of Commerce > Department of Trade","2026-04-30","2026-05-19","544010","Awarded"
"TEND-1425","Tender for Supply of Goods 425","Detailed description for tender 425 with some random text.","Central Govt > Ministry of Commerce > Department of Trade","2026-04-25","2026-05-08","5402700","Open"
"TEND-1426","Tender for Supply of Goods 426","Detailed description for tender 426 with some random text.","Central Govt > Ministry of Commerce > Department of Trade","2026-04-22","2026-05-09","9902183","Closed"
"TEND-1427","Tender for Supply of Goods 427","Detailed description for tender 427 with some random text.","Central Govt > Ministry of Commerce > Department of Trade","2026-05-03","2026-05-18","6195833","Open"
"TEND-1428","Tender for Supply of Goods 428","Detailed description for tender 428 with some random text.","Central Govt > Ministry of Commerce > Department of Trade","2026-04-11","2026-05-13","6775773","Closed"
"TEND-1429","Tender for Supply of Goods 429","Detailed description for tender 429 with some random text.","Central Govt > Ministry of Commerce > Department of Trade","2026-04-21","2026-05-10","6011560","Open"
"TEND-1430","Tender for Supply of Goods 430","Detailed description for tender 430 with some random text.","Central Govt > Ministry of Commerce > Department of Trade","2026-04-10","2026-05-18","782258","Closed"
"TEND-1431","Tender for Supply of Goods 431","Detailed description for tender 431 with some random text.","Central Govt > Ministry of Commerce > Department of Trade","2026-04-09","2026-05-14","2127047","Closed"
"TEND-1432","Tender for Supply of Goods 432","Detailed description for tender 432 with some random text.","Central Govt > Ministry of Commerce > Department of Trade","2026-04-26","2026-05-09","1455546","Awarded"
"TEND-1433","Tender for Supply of Goods 433","Detailed description for tender 433 with some random text.","Central Govt > Ministry of Commerce > Department of Trade","2026-05-04","2026-05-08","7124395","Awarded"
"TEND-1434","Tender for Supply of Goods 434","Detailed description for tender 434 with some random text.","Central Govt > Ministry of Commerce > Department of Trade","2026-04-13","2026-05-12","1047344","Closed"
"TEND-1435","Tender for Supply of Goods 435","Detailed description for tender 435 with some random text.","Central Govt > Ministry of Commerce > Department of Trade","2026-04-28","2026-05-08","4252835","Open"
"TEND-1436","Tender for Supply of Goods 436","Detailed description for tender 436 with some random text.","Central Govt > Ministry of Commerce > Department of Trade","2026-04-21","2026-05-16","7816133","Open"
"TEND-1437","Tender for Supply of Goods 437","Detailed description for tender 437 with some random text.","Central Govt > Ministry of Commerce > Department of Trade","2026-05-05","2026-05-10","3121222","Closed"
"TEND-1438","Tender for Supply of Goods 438","Detailed description for tender 438 with some random text.","Central Govt > Ministry of Commerce > Department of Trade","2026-04-18","2026-05-18","8201033","Awarded"
"TEND-1439","Tender for Supply of Goods 439","Detailed description for tender 439 with some random text.","Central Govt > Ministry of Commerce > Department of Trade","2026-05-02","2026-05-08","4152625","Closed"
"TEND-1440","Tender for Supply of Goods 440","Detailed description for tender 440 with some random text.","Central Govt > Ministry of Commerce > Department of Trade","2026-04-09","2026-05-19","6979484","Closed"
"TEND-1441","Tender for Supply of Goods 441","Detailed description for tender 441 with some random text.","Central Govt > Ministry of Commerce > Department of Trade","2026-04-28","2026-05-09","4113175","Open"
"TEND-1442","Tender for Supply of Goods 442","Detailed description for tender 442 with some random text.","Central Govt > Ministry of Commerce > Department of Trade","2026-04-15","2026-05-18","2625383","Open"
"TEND-1443","Tender for Supply of Goods 443","Detailed description for tender 443 with some random text.","Central Govt > Ministry of Commerce > Department of Trade","2026-04-10","2026-05-20","9800752","Open"
"TEND-1444","Tender for Supply of Goods 444","Detailed description for tender 444 with some random text.","Central Govt > Ministry of Commerce > Department of Trade","2026-05-04","2026-05-17","2912898","Open"
"TEND-1445","Tender for Supply of Goods 445","Detailed description for tender 445 with some random text.","Central Govt > Ministry of Commerce > Department of Trade","2026-04-30","2026-05-09","8731932","Awarded"
"TEND-1446","Tender for Supply of Goods 446","Detailed description for tender 446 with some random text.","Central Govt > Ministry of Commerce > Department of Trade","2026-04-15","2026-05-15","5829788","Open"
"TEND-1447","Tender for Supply of Goods 447","Detailed description for tender 447 with some random text.","Central Govt > Ministry of Commerce > Department of Trade","2026-04-14","2026-05-19","326637","Awarded"
"TEND-1448","Tender for Supply of Goods 448","Detailed description for tender 448 with some random text.","Central Govt > Ministry of Commerce > Department of Trade","2026-04-27","2026-05-07","7123442","Open"
"TEND-1449","Tender for Supply of Goods 449","Detailed description for tender 449 with some random text.","Central Govt > Ministry of Commerce > Department of Trade","2026-04-29","2026-05-07","9497374","Awarded"
"TEND-1450","Tender for Supply of Goods 450","Detailed description for tender 450 with some random text.","Central Govt > Ministry of Commerce > Department of Trade","2026-04-06","2026-05-11","6018272","Awarded"
"TEND-1451","Tender for Supply of Goods 451","Detailed description for tender 451 with some random text.","Central Govt > Ministry of Commerce > Department of Trade","2026-04-26","2026-05-13","4690745","Open"
"TEND-1452","Tender for Supply of Goods 452","Detailed description for tender 452 with some random text.","Central Govt > Ministry of Commerce > Department of Trade","2026-04-26","2026-05-09","5958887","Open"
"TEND-1453","Tender for Supply of Goods 453","Detailed description for tender 453 with some random text.","Central Govt > Ministry of Commerce > Department of Trade","2026-04-06","2026-05-11","4414485","Awarded"
"TEND-1454","Tender for Supply of Goods 454","Detailed description for tender 454 with some random text.","Central Govt > Ministry of Commerce > Department of Trade","2026-04-06","2026-05-19","6877500","Open"
"TEND-1455","Tender for Supply of Goods 455","Detailed description for tender 455 with some random text.","Central Govt > Ministry of Commerce > Department of Trade","2026-04-12","2026-05-14","7620240","Awarded"
"TEND-1456","Tender for Supply of Goods 456","Detailed description for tender 456 with some random text.","Central Govt > Ministry of Commerce > Department of Trade","2026-04-20","2026-05-20","9932656","Awarded"
"TEND-1457","Tender for Supply of Goods 457","Detailed description for tender 457 with some random text.","Central Govt > Ministry of Commerce > Department of Trade","2026-04-27","2026-05-07","3517179","Awarded"
"TEND-1458","Tender for Supply of Goods 458","Detailed description for tender 458 with some random text.","Central Govt > Ministry of Commerce > Department of Trade","2026-04-16","2026-05-17","4772803","Awarded"
"TEND-1459","Tender for Supply of Goods 459","Detailed description for tender 459 with some random text.","Central Govt > Ministry of Commerce > Department of Trade","2026-04-10","2026-05-10","6814644","Awarded"
"TEND-1460","Tender for Supply of Goods 460","Detailed description for tender 460 with some random text.","Central Govt > Ministry of Commerce > Department of Trade","2026-04-07","2026-05-18","1857208","Awarded"
"TEND-1461","Tender for Supply of Goods 461","Detailed description for tender 461 with some random text.","Central Govt > Ministry of Commerce > Department of Trade","2026-04-30","2026-05-09","1405381","Closed"
"TEND-1462","Tender for Supply of Goods 462","Detailed description for tender 462 with some random text.","Central Govt > Ministry of Commerce > Department of Trade","2026-04-22","2026-05-13","6378526","Closed"
"TEND-1463","Tender for Supply of Goods 463","Detailed description for tender 463 with some random text.","Central Govt > Ministry of Commerce > Department of Trade","2026-04-08","2026-05-19","6497249","Awarded"
"TEND-1464","Tender for Supply of Goods 464","Detailed description for tender 464 with some random text.","Central Govt > Ministry of Commerce > Department of Trade","2026-04-07","2026-05-21","4021150","Closed"
"TEND-1465","Tender for Supply of Goods 465","Detailed description for tender 465 with some random text.","Central Govt > Ministry of Commerce > Department of Trade","2026-04-29","2026-05-09","2151194","Open"
"TEND-1466","Tender for Supply of Goods 466","Detailed description for tender 466 with some random text.","Central Govt > Ministry of Commerce > Department of Trade","2026-05-02","2026-05-17","5680950","Awarded"
"TEND-1467","Tender for Supply of Goods 467","Detailed description for tender 467 with some random text.","Central Govt > Ministry of Commerce > Department of Trade","2026-04-15","2026-05-14","1814278","Open"
"TEND-1468","Tender for Supply of Goods 468","Detailed description for tender 468 with some random text.","Central Govt > Ministry of Commerce > Department of Trade","2026-05-03","2026-05-14","8653515","Awarded"
"TEND-1469","Tender for Supply of Goods 469","Detailed description for tender 469 with some random text.","Central Govt > Ministry of Commerce > Department of Trade","2026-04-09","2026-05-21","7140827","Closed"
"TEND-1470","Tender for Supply of Goods 470","Detailed description for tender 470 with some random text.","Central Govt > Ministry of Commerce > Department of Trade","2026-04-27","2026-05-10","2443250","Closed"
"TEND-1471","Tender for Supply of Goods 471","Detailed description for tender 471 with some random text.","Central Govt > Ministry of Commerce > Department of Trade","2026-04-07","2026-05-14","1199185","Awarded"
"TEND-1472","Tender for Supply of Goods 472","Detailed description for tender 472 with some random text.","Central Govt > Ministry of Commerce > Department of Trade","2026-04-06","2026-05-14","2578818","Awarded"
"TEND-1473","Tender for Supply of Goods 473","Detailed description for tender 473 with some random text.","Central Govt > Ministry of Commerce > Department of Trade","2026-04-20","2026-05-15","2203462","Awarded"
"TEND-1474","Tender for Supply of Goods 474","Detailed description for tender 474 with some random text.","Central Govt > Ministry of Commerce > Department of Trade","2026-04-28","2026-05-09","2424893","Closed"
"TEND-1475","Tender for Supply of Goods 475","Detailed description for tender 475 with some random text.","Central Govt > Ministry of Commerce > Department of Trade","2026-04-11","2026-05-07","1596186","Open"
"TEND-1476","Tender for Supply of Goods 476","Detailed description for tender 476 with some random text.","Central Govt > Ministry of Commerce > Department of Trade","2026-05-05","2026-05-12","5008628","Awarded"
"TEND-1477","Tender for Supply of Goods 477","Detailed description for tender 477 with some random text.","Central Govt > Ministry of Commerce > Department of Trade","2026-05-01","2026-05-17","1243075","Closed"
"TEND-1478","Tender for Supply of Goods 478","Detailed description for tender 478 with some random text.","Central Govt > Ministry of Commerce > Department of Trade","2026-04-12","2026-05-13","9680422","Awarded"
"TEND-1479","Tender for Supply of Goods 479","Detailed description for tender 479 with some random text.","Central Govt > Ministry of Commerce > Department of Trade","2026-04-16","2026-05-09","5046185","Closed"
"TEND-1480","Tender for Supply of Goods 480","Detailed description for tender 480 with some random text.","Central Govt > Ministry of Commerce > Department of Trade","2026-04-09","2026-05-16","653232","Closed"
"TEND-1481","Tender for Supply of Goods 481","Detailed description for tender 481 with some random text.","Central Govt > Ministry of Commerce > Department of Trade","2026-04-07","2026-05-12","4443656","Open"
"TEND-1482","Tender for Supply of Goods 482","Detailed description for tender 482 with some random text.","Central Govt > Ministry of Commerce > Department of Trade","2026-05-01","2026-05-20","3451546","Closed"
"TEND-1483","Tender for Supply of Goods 483","Detailed description for tender 483 with some random text.","Central Govt > Ministry of Commerce > Department of Trade","2026-04-13","2026-05-18","205010","Open"
"TEND-1484","Tender for Supply of Goods 484","Detailed description for tender 484 with some random text.","Central Govt > Ministry of Commerce > Department of Trade","2026-04-09","2026-05-13","3755723","Awarded"
"TEND-1485","Tender for Supply of Goods 485","Detailed description for tender 485 with some random text.","Central Govt > Ministry of Commerce > Department of Trade","2026-04-25","2026-05-21","9114665","Closed"
"TEND-1486","Tender for Supply of Goods 486","Detailed description for tender 486 with some random text.","Central Govt > Ministry of Commerce > Department of Trade","2026-04-27","2026-05-11","1725060","Awarded"
"TEND-1487","Tender for Supply of Goods 487","Detailed description for tender 487 with some random text.","Central Govt > Ministry of Commerce > Department of Trade","2026-04-11","2026-05-18","4578030","Closed"
"TEND-1488","Tender for Supply of Goods 488","Detailed description for tender 488 with some random text.","Central Govt > Ministry of Commerce > Department of Trade","2026-04-11","2026-05-13","1683702","Closed"
"TEND-1489","Tender for Supply of Goods 489","Detailed description for tender 489 with some random text.","Central Govt > Ministry of Commerce > Department of Trade","2026-04-08","2026-05-20","2052703","Awarded"
"TEND-1490","Tender for Supply of Goods 490","Detailed description for tender 490 with some random text.","Central Govt > Ministry of Commerce > Department of Trade","2026-04-25","2026-05-18","5455926","Awarded"
"TEND-1491","Tender for Supply of Goods 491","Detailed description for tender 491 with some random text.","Central Govt > Ministry of Commerce > Department of Trade","2026-04-26","2026-05-08","4224031","Closed"
"TEND-1492","Tender for Supply of Goods 492","Detailed description for tender 492 with some random text.","Central Govt > Ministry of Commerce > Department of Trade","2026-04-09","2026-05-20","6432877","Awarded"
"TEND-1493","Tender for Supply of Goods 493","Detailed description for tender 493 with some random text.","Central Govt > Ministry of Commerce > Department of Trade","2026-04-21","2026-05-16","4897430","Open"
"TEND-1494","Tender for Supply of Goods 494","Detailed description for tender 494 with some random text.","Central Govt > Ministry of Commerce > Department of Trade","2026-04-24","2026-05-18","3618871","Awarded"
"TEND-1495","Tender for Supply of Goods 495","Detailed description for tender 495 with some random text.","Central Govt > Ministry of Commerce > Department of Trade","2026-05-01","2026-05-12","6212693","Closed"
"TEND-1496","Tender for Supply of Goods 496","Detailed description for tender 496 with some random text.","Central Govt > Ministry of Commerce > Department of Trade","2026-04-28","2026-05-13","4450966","Closed"
"TEND-1497","Tender for Supply of Goods 497","Detailed description for tender 497 with some random text.","Central Govt > Ministry of Commerce > Department of Trade","2026-04-30","2026-05-18","5294514","Open"
"TEND-1498","Tender for Supply of Goods 498","Detailed description for tender 498 with some random text.","Central Govt > Ministry of Commerce > Department of Trade","2026-04-20","2026-05-21","1297373","Open"
"TEND-1499","Tender for Supply of Goods 499","Detailed description for tender 499 with some random text.","Central Govt > Ministry of Commerce > Department of Trade","2026-04-07","2026-05-07","7724634","Closed"
